2025-1-8 15:05:45 - log: Load engine in D:\code_software\cocoscreator\editors\Creator\3.8.3\resources\resources\3d\engine
2025-1-8 15:05:45 - log: Register native engine in D:\code_software\cocoscreator\editors\Creator\3.8.3\resources\resources\3d\engine\native
2025-1-8 15:05:46 - log: Request namespace: device-list
2025-1-8 15:06:18 - log: [Scene] meshopt wasm decoder initialized
2025-1-8 15:06:18 - log: [Scene] [box2d]:box2d wasm lib loaded.
2025-1-8 15:06:18 - log: [Scene] [bullet]:bullet wasm lib loaded.
2025-1-8 15:06:18 - log: [Scene] [PHYSICS]: using builtin.
2025-1-8 15:06:18 - log: [Scene] Cocos Creator v3.8.3
2025-1-8 15:06:18 - info: [Scene] Forward render pipeline initialized.
2025-1-8 15:06:19 - log: [Scene] [PHYSICS]: switch from builtin to bullet.
2025-1-8 15:06:19 - log: [Scene] [PHYSICS2D]: switch from box2d-wasm to box2d.
2025-1-8 15:13:29 - warn: [Scene] EffectAsset builtin-standard.effect c8f66d17-351a-48da-a12c-0212d28575c4 not foundError: [Scene] EffectAsset builtin-standard.effect c8f66d17-351a-48da-a12c-0212d28575c4 not found
    at MaterialAsset.queryAllEffects (D:\code_software\cocoscreator\editors\Creator\3.8.3\resources\app.asar\builtin\scene\dist\script\3d\manager\asset\material.ccc:1:4114)
2025-1-8 15:13:33 - warn: [Scene] EffectAsset builtin-standard.effect c8f66d17-351a-48da-a12c-0212d28575c4 not foundError: [Scene] EffectAsset builtin-standard.effect c8f66d17-351a-48da-a12c-0212d28575c4 not found
    at MaterialAsset.queryAllEffects (D:\code_software\cocoscreator\editors\Creator\3.8.3\resources\app.asar\builtin\scene\dist\script\3d\manager\asset\material.ccc:1:4114)
2025-1-8 15:13:59 - warn: [Scene] EffectAsset builtin-standard.effect c8f66d17-351a-48da-a12c-0212d28575c4 not foundError: [Scene] EffectAsset builtin-standard.effect c8f66d17-351a-48da-a12c-0212d28575c4 not found
    at MaterialAsset.queryAllEffects (D:\code_software\cocoscreator\editors\Creator\3.8.3\resources\app.asar\builtin\scene\dist\script\3d\manager\asset\material.ccc:1:4114)
2025-1-8 15:14:01 - warn: [Scene] EffectAsset builtin-standard.effect c8f66d17-351a-48da-a12c-0212d28575c4 not foundError: [Scene] EffectAsset builtin-standard.effect c8f66d17-351a-48da-a12c-0212d28575c4 not found
    at MaterialAsset.queryAllEffects (D:\code_software\cocoscreator\editors\Creator\3.8.3\resources\app.asar\builtin\scene\dist\script\3d\manager\asset\material.ccc:1:4114)
2025-1-8 15:14:06 - warn: [Scene] EffectAsset builtin-standard.effect c8f66d17-351a-48da-a12c-0212d28575c4 not foundError: [Scene] EffectAsset builtin-standard.effect c8f66d17-351a-48da-a12c-0212d28575c4 not found
    at MaterialAsset.queryAllEffects (D:\code_software\cocoscreator\editors\Creator\3.8.3\resources\app.asar\builtin\scene\dist\script\3d\manager\asset\material.ccc:1:4114)
2025-1-8 15:14:09 - warn: [Scene] EffectAsset builtin-standard.effect c8f66d17-351a-48da-a12c-0212d28575c4 not foundError: [Scene] EffectAsset builtin-standard.effect c8f66d17-351a-48da-a12c-0212d28575c4 not found
    at MaterialAsset.queryAllEffects (D:\code_software\cocoscreator\editors\Creator\3.8.3\resources\app.asar\builtin\scene\dist\script\3d\manager\asset\material.ccc:1:4114)
2025-1-8 15:14:51 - warn: [Scene] EffectAsset builtin-standard.effect c8f66d17-351a-48da-a12c-0212d28575c4 not foundError: [Scene] EffectAsset builtin-standard.effect c8f66d17-351a-48da-a12c-0212d28575c4 not found
    at MaterialAsset.queryAllEffects (D:\code_software\cocoscreator\editors\Creator\3.8.3\resources\app.asar\builtin\scene\dist\script\3d\manager\asset\material.ccc:1:4114)
2025-1-8 15:14:57 - warn: [Scene] EffectAsset builtin-standard.effect c8f66d17-351a-48da-a12c-0212d28575c4 not foundError: [Scene] EffectAsset builtin-standard.effect c8f66d17-351a-48da-a12c-0212d28575c4 not found
    at MaterialAsset.queryAllEffects (D:\code_software\cocoscreator\editors\Creator\3.8.3\resources\app.asar\builtin\scene\dist\script\3d\manager\asset\material.ccc:1:4114)
2025-1-8 15:15:18 - warn: [Scene] EffectAsset builtin-standard.effect c8f66d17-351a-48da-a12c-0212d28575c4 not foundError: [Scene] EffectAsset builtin-standard.effect c8f66d17-351a-48da-a12c-0212d28575c4 not found
    at MaterialAsset.queryAllEffects (D:\code_software\cocoscreator\editors\Creator\3.8.3\resources\app.asar\builtin\scene\dist\script\3d\manager\asset\material.ccc:1:4114)
2025-1-8 15:15:22 - warn: [Scene] EffectAsset builtin-standard.effect c8f66d17-351a-48da-a12c-0212d28575c4 not foundError: [Scene] EffectAsset builtin-standard.effect c8f66d17-351a-48da-a12c-0212d28575c4 not found
    at MaterialAsset.queryAllEffects (D:\code_software\cocoscreator\editors\Creator\3.8.3\resources\app.asar\builtin\scene\dist\script\3d\manager\asset\material.ccc:1:4114)
2025-1-8 15:15:22 - warn: [Scene] EffectAsset builtin-standard.effect c8f66d17-351a-48da-a12c-0212d28575c4 not foundError: [Scene] EffectAsset builtin-standard.effect c8f66d17-351a-48da-a12c-0212d28575c4 not found
    at MaterialAsset.queryAllEffects (D:\code_software\cocoscreator\editors\Creator\3.8.3\resources\app.asar\builtin\scene\dist\script\3d\manager\asset\material.ccc:1:4114)
2025-1-8 15:15:36 - warn: [Scene] EffectAsset builtin-standard.effect c8f66d17-351a-48da-a12c-0212d28575c4 not foundError: [Scene] EffectAsset builtin-standard.effect c8f66d17-351a-48da-a12c-0212d28575c4 not found
    at MaterialAsset.queryAllEffects (D:\code_software\cocoscreator\editors\Creator\3.8.3\resources\app.asar\builtin\scene\dist\script\3d\manager\asset\material.ccc:1:4114)
2025-1-8 15:16:14 - warn: [Scene] EffectAsset builtin-standard.effect c8f66d17-351a-48da-a12c-0212d28575c4 not foundError: [Scene] EffectAsset builtin-standard.effect c8f66d17-351a-48da-a12c-0212d28575c4 not found
    at MaterialAsset.queryAllEffects (D:\code_software\cocoscreator\editors\Creator\3.8.3\resources\app.asar\builtin\scene\dist\script\3d\manager\asset\material.ccc:1:4114)
2025-1-8 15:16:45 - warn: [Scene] EffectAsset builtin-standard.effect c8f66d17-351a-48da-a12c-0212d28575c4 not foundError: [Scene] EffectAsset builtin-standard.effect c8f66d17-351a-48da-a12c-0212d28575c4 not found
    at MaterialAsset.queryAllEffects (D:\code_software\cocoscreator\editors\Creator\3.8.3\resources\app.asar\builtin\scene\dist\script\3d\manager\asset\material.ccc:1:4114)
2025-1-8 15:16:56 - warn: [Scene] EffectAsset builtin-standard.effect c8f66d17-351a-48da-a12c-0212d28575c4 not foundError: [Scene] EffectAsset builtin-standard.effect c8f66d17-351a-48da-a12c-0212d28575c4 not found
    at MaterialAsset.queryAllEffects (D:\code_software\cocoscreator\editors\Creator\3.8.3\resources\app.asar\builtin\scene\dist\script\3d\manager\asset\material.ccc:1:4114)
2025-1-8 15:16:58 - warn: [Scene] EffectAsset builtin-standard.effect c8f66d17-351a-48da-a12c-0212d28575c4 not foundError: [Scene] EffectAsset builtin-standard.effect c8f66d17-351a-48da-a12c-0212d28575c4 not found
    at MaterialAsset.queryAllEffects (D:\code_software\cocoscreator\editors\Creator\3.8.3\resources\app.asar\builtin\scene\dist\script\3d\manager\asset\material.ccc:1:4114)
2025-1-8 15:17:05 - warn: [Scene] EffectAsset builtin-standard.effect c8f66d17-351a-48da-a12c-0212d28575c4 not foundError: [Scene] EffectAsset builtin-standard.effect c8f66d17-351a-48da-a12c-0212d28575c4 not found
    at MaterialAsset.queryAllEffects (D:\code_software\cocoscreator\editors\Creator\3.8.3\resources\app.asar\builtin\scene\dist\script\3d\manager\asset\material.ccc:1:4114)
2025-1-8 15:17:14 - warn: [Scene] EffectAsset builtin-standard.effect c8f66d17-351a-48da-a12c-0212d28575c4 not foundError: [Scene] EffectAsset builtin-standard.effect c8f66d17-351a-48da-a12c-0212d28575c4 not found
    at MaterialAsset.queryAllEffects (D:\code_software\cocoscreator\editors\Creator\3.8.3\resources\app.asar\builtin\scene\dist\script\3d\manager\asset\material.ccc:1:4114)
2025-1-8 15:17:19 - warn: [Scene] EffectAsset builtin-standard.effect c8f66d17-351a-48da-a12c-0212d28575c4 not foundError: [Scene] EffectAsset builtin-standard.effect c8f66d17-351a-48da-a12c-0212d28575c4 not found
    at MaterialAsset.queryAllEffects (D:\code_software\cocoscreator\editors\Creator\3.8.3\resources\app.asar\builtin\scene\dist\script\3d\manager\asset\material.ccc:1:4114)
2025-1-8 15:17:25 - warn: [Scene] EffectAsset builtin-standard.effect c8f66d17-351a-48da-a12c-0212d28575c4 not foundError: [Scene] EffectAsset builtin-standard.effect c8f66d17-351a-48da-a12c-0212d28575c4 not found
    at MaterialAsset.queryAllEffects (D:\code_software\cocoscreator\editors\Creator\3.8.3\resources\app.asar\builtin\scene\dist\script\3d\manager\asset\material.ccc:1:4114)
2025-1-8 15:17:41 - warn: [Scene] EffectAsset builtin-standard.effect c8f66d17-351a-48da-a12c-0212d28575c4 not foundError: [Scene] EffectAsset builtin-standard.effect c8f66d17-351a-48da-a12c-0212d28575c4 not found
    at MaterialAsset.queryAllEffects (D:\code_software\cocoscreator\editors\Creator\3.8.3\resources\app.asar\builtin\scene\dist\script\3d\manager\asset\material.ccc:1:4114)
2025-1-8 15:17:45 - warn: [Scene] EffectAsset builtin-standard.effect c8f66d17-351a-48da-a12c-0212d28575c4 not foundError: [Scene] EffectAsset builtin-standard.effect c8f66d17-351a-48da-a12c-0212d28575c4 not found
    at MaterialAsset.queryAllEffects (D:\code_software\cocoscreator\editors\Creator\3.8.3\resources\app.asar\builtin\scene\dist\script\3d\manager\asset\material.ccc:1:4114)
2025-1-8 15:17:51 - warn: [Scene] EffectAsset builtin-standard.effect c8f66d17-351a-48da-a12c-0212d28575c4 not foundError: [Scene] EffectAsset builtin-standard.effect c8f66d17-351a-48da-a12c-0212d28575c4 not found
    at MaterialAsset.queryAllEffects (D:\code_software\cocoscreator\editors\Creator\3.8.3\resources\app.asar\builtin\scene\dist\script\3d\manager\asset\material.ccc:1:4114)
2025-1-8 15:18:16 - warn: [Scene] EffectAsset builtin-standard.effect c8f66d17-351a-48da-a12c-0212d28575c4 not foundError: [Scene] EffectAsset builtin-standard.effect c8f66d17-351a-48da-a12c-0212d28575c4 not found
    at MaterialAsset.queryAllEffects (D:\code_software\cocoscreator\editors\Creator\3.8.3\resources\app.asar\builtin\scene\dist\script\3d\manager\asset\material.ccc:1:4114)
2025-1-8 15:18:45 - warn: [Scene] EffectAsset builtin-standard.effect c8f66d17-351a-48da-a12c-0212d28575c4 not foundError: [Scene] EffectAsset builtin-standard.effect c8f66d17-351a-48da-a12c-0212d28575c4 not found
    at MaterialAsset.queryAllEffects (D:\code_software\cocoscreator\editors\Creator\3.8.3\resources\app.asar\builtin\scene\dist\script\3d\manager\asset\material.ccc:1:4114)
2025-1-8 15:18:46 - warn: [Scene] EffectAsset builtin-standard.effect c8f66d17-351a-48da-a12c-0212d28575c4 not foundError: [Scene] EffectAsset builtin-standard.effect c8f66d17-351a-48da-a12c-0212d28575c4 not found
    at MaterialAsset.queryAllEffects (D:\code_software\cocoscreator\editors\Creator\3.8.3\resources\app.asar\builtin\scene\dist\script\3d\manager\asset\material.ccc:1:4114)
2025-1-8 15:18:48 - warn: [Scene] EffectAsset builtin-standard.effect c8f66d17-351a-48da-a12c-0212d28575c4 not foundError: [Scene] EffectAsset builtin-standard.effect c8f66d17-351a-48da-a12c-0212d28575c4 not found
    at MaterialAsset.queryAllEffects (D:\code_software\cocoscreator\editors\Creator\3.8.3\resources\app.asar\builtin\scene\dist\script\3d\manager\asset\material.ccc:1:4114)
2025-1-8 15:18:49 - warn: [Scene] EffectAsset builtin-standard.effect c8f66d17-351a-48da-a12c-0212d28575c4 not foundError: [Scene] EffectAsset builtin-standard.effect c8f66d17-351a-48da-a12c-0212d28575c4 not found
    at MaterialAsset.queryAllEffects (D:\code_software\cocoscreator\editors\Creator\3.8.3\resources\app.asar\builtin\scene\dist\script\3d\manager\asset\material.ccc:1:4114)
2025-1-8 15:18:51 - warn: [Scene] EffectAsset builtin-standard.effect c8f66d17-351a-48da-a12c-0212d28575c4 not foundError: [Scene] EffectAsset builtin-standard.effect c8f66d17-351a-48da-a12c-0212d28575c4 not found
    at MaterialAsset.queryAllEffects (D:\code_software\cocoscreator\editors\Creator\3.8.3\resources\app.asar\builtin\scene\dist\script\3d\manager\asset\material.ccc:1:4114)
2025-1-8 15:18:53 - warn: [Scene] EffectAsset builtin-standard.effect c8f66d17-351a-48da-a12c-0212d28575c4 not foundError: [Scene] EffectAsset builtin-standard.effect c8f66d17-351a-48da-a12c-0212d28575c4 not found
    at MaterialAsset.queryAllEffects (D:\code_software\cocoscreator\editors\Creator\3.8.3\resources\app.asar\builtin\scene\dist\script\3d\manager\asset\material.ccc:1:4114)
2025-1-8 15:18:55 - warn: [Scene] EffectAsset builtin-standard.effect c8f66d17-351a-48da-a12c-0212d28575c4 not foundError: [Scene] EffectAsset builtin-standard.effect c8f66d17-351a-48da-a12c-0212d28575c4 not found
    at MaterialAsset.queryAllEffects (D:\code_software\cocoscreator\editors\Creator\3.8.3\resources\app.asar\builtin\scene\dist\script\3d\manager\asset\material.ccc:1:4114)
2025-1-8 15:18:56 - warn: [Scene] EffectAsset builtin-standard.effect c8f66d17-351a-48da-a12c-0212d28575c4 not foundError: [Scene] EffectAsset builtin-standard.effect c8f66d17-351a-48da-a12c-0212d28575c4 not found
    at MaterialAsset.queryAllEffects (D:\code_software\cocoscreator\editors\Creator\3.8.3\resources\app.asar\builtin\scene\dist\script\3d\manager\asset\material.ccc:1:4114)
2025-1-8 15:18:57 - warn: [Scene] EffectAsset builtin-standard.effect c8f66d17-351a-48da-a12c-0212d28575c4 not foundError: [Scene] EffectAsset builtin-standard.effect c8f66d17-351a-48da-a12c-0212d28575c4 not found
    at MaterialAsset.queryAllEffects (D:\code_software\cocoscreator\editors\Creator\3.8.3\resources\app.asar\builtin\scene\dist\script\3d\manager\asset\material.ccc:1:4114)
2025-1-8 15:19:01 - warn: [Scene] EffectAsset builtin-standard.effect c8f66d17-351a-48da-a12c-0212d28575c4 not foundError: [Scene] EffectAsset builtin-standard.effect c8f66d17-351a-48da-a12c-0212d28575c4 not found
    at MaterialAsset.queryAllEffects (D:\code_software\cocoscreator\editors\Creator\3.8.3\resources\app.asar\builtin\scene\dist\script\3d\manager\asset\material.ccc:1:4114)
2025-1-8 15:19:03 - warn: [Scene] EffectAsset builtin-standard.effect c8f66d17-351a-48da-a12c-0212d28575c4 not foundError: [Scene] EffectAsset builtin-standard.effect c8f66d17-351a-48da-a12c-0212d28575c4 not found
    at MaterialAsset.queryAllEffects (D:\code_software\cocoscreator\editors\Creator\3.8.3\resources\app.asar\builtin\scene\dist\script\3d\manager\asset\material.ccc:1:4114)
2025-1-8 15:19:04 - warn: [Scene] EffectAsset builtin-standard.effect c8f66d17-351a-48da-a12c-0212d28575c4 not foundError: [Scene] EffectAsset builtin-standard.effect c8f66d17-351a-48da-a12c-0212d28575c4 not found
    at MaterialAsset.queryAllEffects (D:\code_software\cocoscreator\editors\Creator\3.8.3\resources\app.asar\builtin\scene\dist\script\3d\manager\asset\material.ccc:1:4114)
2025-1-8 15:19:06 - warn: [Scene] EffectAsset builtin-standard.effect c8f66d17-351a-48da-a12c-0212d28575c4 not foundError: [Scene] EffectAsset builtin-standard.effect c8f66d17-351a-48da-a12c-0212d28575c4 not found
    at MaterialAsset.queryAllEffects (D:\code_software\cocoscreator\editors\Creator\3.8.3\resources\app.asar\builtin\scene\dist\script\3d\manager\asset\material.ccc:1:4114)
2025-1-8 15:19:10 - warn: [Scene] EffectAsset builtin-standard.effect c8f66d17-351a-48da-a12c-0212d28575c4 not foundError: [Scene] EffectAsset builtin-standard.effect c8f66d17-351a-48da-a12c-0212d28575c4 not found
    at MaterialAsset.queryAllEffects (D:\code_software\cocoscreator\editors\Creator\3.8.3\resources\app.asar\builtin\scene\dist\script\3d\manager\asset\material.ccc:1:4114)
2025-1-8 15:19:15 - warn: [Scene] EffectAsset builtin-standard.effect c8f66d17-351a-48da-a12c-0212d28575c4 not foundError: [Scene] EffectAsset builtin-standard.effect c8f66d17-351a-48da-a12c-0212d28575c4 not found
    at MaterialAsset.queryAllEffects (D:\code_software\cocoscreator\editors\Creator\3.8.3\resources\app.asar\builtin\scene\dist\script\3d\manager\asset\material.ccc:1:4114)
2025-1-8 15:19:21 - warn: [Scene] EffectAsset builtin-standard.effect c8f66d17-351a-48da-a12c-0212d28575c4 not foundError: [Scene] EffectAsset builtin-standard.effect c8f66d17-351a-48da-a12c-0212d28575c4 not found
    at MaterialAsset.queryAllEffects (D:\code_software\cocoscreator\editors\Creator\3.8.3\resources\app.asar\builtin\scene\dist\script\3d\manager\asset\material.ccc:1:4114)
2025-1-8 15:19:28 - warn: [Scene] EffectAsset builtin-standard.effect c8f66d17-351a-48da-a12c-0212d28575c4 not foundError: [Scene] EffectAsset builtin-standard.effect c8f66d17-351a-48da-a12c-0212d28575c4 not found
    at MaterialAsset.queryAllEffects (D:\code_software\cocoscreator\editors\Creator\3.8.3\resources\app.asar\builtin\scene\dist\script\3d\manager\asset\material.ccc:1:4114)
2025-1-8 15:19:44 - error: [Window] Cannot set property 'value' of undefinedTypeError: Cannot set property 'value' of undefined
    at Object.update (D:\code_software\cocoscreator\editors\Creator\3.8.3\resources\app.asar\builtin\scene\dist\contributions\ui-kit\ui-prop\types\object.ccc:1:309)
    at Object.update (D:\code_software\cocoscreator\editors\Creator\3.8.3\resources\app.asar\builtin\scene\dist\contributions\ui-kit\ui-prop\types\object-optional-types.ccc:1:612)
    at Object.update (D:\code_software\cocoscreator\editors\Creator\3.8.3\resources\app.asar\builtin\scene\dist\contributions\ui-kit\ui-prop\dump.ccc:1:4590)
    at HTMLElement.initRender (D:\code_software\cocoscreator\editors\Creator\3.8.3\resources\app.asar\node_modules\@editor\creator-ui-kit\dist\renderer.ccc:2:1680938)
    at HTMLElement.render (D:\code_software\cocoscreator\editors\Creator\3.8.3\resources\app.asar\node_modules\@editor\creator-ui-kit\dist\renderer.ccc:2:1680807)
    at Object.updateInterface (D:\code_software\cocoscreator\editors\Creator\3.8.3\resources\resources\3d\engine\editor\inspector\assets\render-pipeline.js:88:21)
    at Object.<anonymous> (D:\code_software\cocoscreator\editors\Creator\3.8.3\resources\resources\3d\engine\editor\inspector\assets\render-pipeline.js:151:10)
    at async HTMLElement.update (D:\code_software\cocoscreator\editors\Creator\3.8.3\resources\app.asar\node_modules\@editor\creator-ui-kit\dist\renderer.ccc:2:1684305)
    at async Promise.all (index 0)
    at async Object.update (D:\code_software\cocoscreator\editors\Creator\3.8.3\resources\resources\3d\engine\editor\inspector\contributions\asset.js:341:21)
2025-1-8 15:19:46 - error: [Window] Cannot set property 'value' of undefinedTypeError: Cannot set property 'value' of undefined
    at Object.update (D:\code_software\cocoscreator\editors\Creator\3.8.3\resources\app.asar\builtin\scene\dist\contributions\ui-kit\ui-prop\types\object.ccc:1:309)
    at Object.update (D:\code_software\cocoscreator\editors\Creator\3.8.3\resources\app.asar\builtin\scene\dist\contributions\ui-kit\ui-prop\types\object-optional-types.ccc:1:612)
    at Object.update (D:\code_software\cocoscreator\editors\Creator\3.8.3\resources\app.asar\builtin\scene\dist\contributions\ui-kit\ui-prop\dump.ccc:1:4590)
    at HTMLElement.updateRender (D:\code_software\cocoscreator\editors\Creator\3.8.3\resources\app.asar\node_modules\@editor\creator-ui-kit\dist\renderer.ccc:2:1681105)
    at HTMLElement.render (D:\code_software\cocoscreator\editors\Creator\3.8.3\resources\app.asar\node_modules\@editor\creator-ui-kit\dist\renderer.ccc:2:1680784)
    at Object.updateInterface (D:\code_software\cocoscreator\editors\Creator\3.8.3\resources\resources\3d\engine\editor\inspector\assets\render-pipeline.js:88:21)
    at Object.<anonymous> (D:\code_software\cocoscreator\editors\Creator\3.8.3\resources\resources\3d\engine\editor\inspector\assets\render-pipeline.js:151:10)
    at async HTMLElement.update (D:\code_software\cocoscreator\editors\Creator\3.8.3\resources\app.asar\node_modules\@editor\creator-ui-kit\dist\renderer.ccc:2:1684305)
    at async Promise.all (index 0)
    at async Object.update (D:\code_software\cocoscreator\editors\Creator\3.8.3\resources\resources\3d\engine\editor\inspector\contributions\asset.js:341:21)
2025-1-8 15:19:46 - error: [Window] Cannot set property 'value' of undefinedTypeError: Cannot set property 'value' of undefined
    at Object.update (D:\code_software\cocoscreator\editors\Creator\3.8.3\resources\app.asar\builtin\scene\dist\contributions\ui-kit\ui-prop\types\object.ccc:1:309)
    at Object.update (D:\code_software\cocoscreator\editors\Creator\3.8.3\resources\app.asar\builtin\scene\dist\contributions\ui-kit\ui-prop\types\object-optional-types.ccc:1:612)
    at Object.update (D:\code_software\cocoscreator\editors\Creator\3.8.3\resources\app.asar\builtin\scene\dist\contributions\ui-kit\ui-prop\dump.ccc:1:4590)
    at HTMLElement.updateRender (D:\code_software\cocoscreator\editors\Creator\3.8.3\resources\app.asar\node_modules\@editor\creator-ui-kit\dist\renderer.ccc:2:1681105)
    at HTMLElement.render (D:\code_software\cocoscreator\editors\Creator\3.8.3\resources\app.asar\node_modules\@editor\creator-ui-kit\dist\renderer.ccc:2:1680784)
    at Object.updateInterface (D:\code_software\cocoscreator\editors\Creator\3.8.3\resources\resources\3d\engine\editor\inspector\assets\render-pipeline.js:88:21)
    at Object.<anonymous> (D:\code_software\cocoscreator\editors\Creator\3.8.3\resources\resources\3d\engine\editor\inspector\assets\render-pipeline.js:151:10)
    at async HTMLElement.update (D:\code_software\cocoscreator\editors\Creator\3.8.3\resources\app.asar\node_modules\@editor\creator-ui-kit\dist\renderer.ccc:2:1684305)
    at async Promise.all (index 0)
    at async Object.update (D:\code_software\cocoscreator\editors\Creator\3.8.3\resources\resources\3d\engine\editor\inspector\contributions\asset.js:341:21)
2025-1-8 15:19:50 - error: [Window] Cannot set property 'value' of undefinedTypeError: Cannot set property 'value' of undefined
    at Object.update (D:\code_software\cocoscreator\editors\Creator\3.8.3\resources\app.asar\builtin\scene\dist\contributions\ui-kit\ui-prop\types\object.ccc:1:309)
    at Object.update (D:\code_software\cocoscreator\editors\Creator\3.8.3\resources\app.asar\builtin\scene\dist\contributions\ui-kit\ui-prop\types\object-optional-types.ccc:1:612)
    at Object.update (D:\code_software\cocoscreator\editors\Creator\3.8.3\resources\app.asar\builtin\scene\dist\contributions\ui-kit\ui-prop\dump.ccc:1:4590)
    at HTMLElement.initRender (D:\code_software\cocoscreator\editors\Creator\3.8.3\resources\app.asar\node_modules\@editor\creator-ui-kit\dist\renderer.ccc:2:1680938)
    at HTMLElement.render (D:\code_software\cocoscreator\editors\Creator\3.8.3\resources\app.asar\node_modules\@editor\creator-ui-kit\dist\renderer.ccc:2:1680807)
    at Object.updateInterface (D:\code_software\cocoscreator\editors\Creator\3.8.3\resources\resources\3d\engine\editor\inspector\assets\render-pipeline.js:88:21)
    at Object.<anonymous> (D:\code_software\cocoscreator\editors\Creator\3.8.3\resources\resources\3d\engine\editor\inspector\assets\render-pipeline.js:151:10)
    at async HTMLElement.update (D:\code_software\cocoscreator\editors\Creator\3.8.3\resources\app.asar\node_modules\@editor\creator-ui-kit\dist\renderer.ccc:2:1684305)
    at async Promise.all (index 0)
    at async Object.update (D:\code_software\cocoscreator\editors\Creator\3.8.3\resources\resources\3d\engine\editor\inspector\contributions\asset.js:341:21)
2025-1-8 15:19:56 - error: [Window] Cannot set property 'value' of undefinedTypeError: Cannot set property 'value' of undefined
    at Object.update (D:\code_software\cocoscreator\editors\Creator\3.8.3\resources\app.asar\builtin\scene\dist\contributions\ui-kit\ui-prop\types\object.ccc:1:309)
    at Object.update (D:\code_software\cocoscreator\editors\Creator\3.8.3\resources\app.asar\builtin\scene\dist\contributions\ui-kit\ui-prop\types\object-optional-types.ccc:1:612)
    at Object.update (D:\code_software\cocoscreator\editors\Creator\3.8.3\resources\app.asar\builtin\scene\dist\contributions\ui-kit\ui-prop\dump.ccc:1:4590)
    at HTMLElement.updateRender (D:\code_software\cocoscreator\editors\Creator\3.8.3\resources\app.asar\node_modules\@editor\creator-ui-kit\dist\renderer.ccc:2:1681105)
    at HTMLElement.render (D:\code_software\cocoscreator\editors\Creator\3.8.3\resources\app.asar\node_modules\@editor\creator-ui-kit\dist\renderer.ccc:2:1680784)
    at Object.updateInterface (D:\code_software\cocoscreator\editors\Creator\3.8.3\resources\resources\3d\engine\editor\inspector\assets\render-pipeline.js:88:21)
    at Object.<anonymous> (D:\code_software\cocoscreator\editors\Creator\3.8.3\resources\resources\3d\engine\editor\inspector\assets\render-pipeline.js:151:10)
    at async HTMLElement.update (D:\code_software\cocoscreator\editors\Creator\3.8.3\resources\app.asar\node_modules\@editor\creator-ui-kit\dist\renderer.ccc:2:1684305)
    at async Promise.all (index 0)
    at async Object.update (D:\code_software\cocoscreator\editors\Creator\3.8.3\resources\resources\3d\engine\editor\inspector\contributions\asset.js:341:21)
2025-1-8 15:19:57 - error: [Window] Cannot set property 'value' of undefinedTypeError: Cannot set property 'value' of undefined
    at Object.update (D:\code_software\cocoscreator\editors\Creator\3.8.3\resources\app.asar\builtin\scene\dist\contributions\ui-kit\ui-prop\types\object.ccc:1:309)
    at Object.update (D:\code_software\cocoscreator\editors\Creator\3.8.3\resources\app.asar\builtin\scene\dist\contributions\ui-kit\ui-prop\types\object-optional-types.ccc:1:612)
    at Object.update (D:\code_software\cocoscreator\editors\Creator\3.8.3\resources\app.asar\builtin\scene\dist\contributions\ui-kit\ui-prop\dump.ccc:1:4590)
    at HTMLElement.updateRender (D:\code_software\cocoscreator\editors\Creator\3.8.3\resources\app.asar\node_modules\@editor\creator-ui-kit\dist\renderer.ccc:2:1681105)
    at HTMLElement.render (D:\code_software\cocoscreator\editors\Creator\3.8.3\resources\app.asar\node_modules\@editor\creator-ui-kit\dist\renderer.ccc:2:1680784)
    at Object.updateInterface (D:\code_software\cocoscreator\editors\Creator\3.8.3\resources\resources\3d\engine\editor\inspector\assets\render-pipeline.js:88:21)
    at Object.<anonymous> (D:\code_software\cocoscreator\editors\Creator\3.8.3\resources\resources\3d\engine\editor\inspector\assets\render-pipeline.js:151:10)
    at async HTMLElement.update (D:\code_software\cocoscreator\editors\Creator\3.8.3\resources\app.asar\node_modules\@editor\creator-ui-kit\dist\renderer.ccc:2:1684305)
    at async Promise.all (index 0)
    at async Object.update (D:\code_software\cocoscreator\editors\Creator\3.8.3\resources\resources\3d\engine\editor\inspector\contributions\asset.js:341:21)
2025-1-8 15:20:24 - warn: [Scene] EffectAsset builtin-standard.effect c8f66d17-351a-48da-a12c-0212d28575c4 not foundError: [Scene] EffectAsset builtin-standard.effect c8f66d17-351a-48da-a12c-0212d28575c4 not found
    at MaterialAsset.queryAllEffects (D:\code_software\cocoscreator\editors\Creator\3.8.3\resources\app.asar\builtin\scene\dist\script\3d\manager\asset\material.ccc:1:4114)
2025-1-8 15:20:25 - warn: [Scene] EffectAsset builtin-standard.effect c8f66d17-351a-48da-a12c-0212d28575c4 not foundError: [Scene] EffectAsset builtin-standard.effect c8f66d17-351a-48da-a12c-0212d28575c4 not found
    at MaterialAsset.queryAllEffects (D:\code_software\cocoscreator\editors\Creator\3.8.3\resources\app.asar\builtin\scene\dist\script\3d\manager\asset\material.ccc:1:4114)
2025-1-8 15:20:26 - warn: [Scene] EffectAsset builtin-standard.effect c8f66d17-351a-48da-a12c-0212d28575c4 not foundError: [Scene] EffectAsset builtin-standard.effect c8f66d17-351a-48da-a12c-0212d28575c4 not found
    at MaterialAsset.queryAllEffects (D:\code_software\cocoscreator\editors\Creator\3.8.3\resources\app.asar\builtin\scene\dist\script\3d\manager\asset\material.ccc:1:4114)
2025-1-8 15:20:29 - warn: [Scene] EffectAsset builtin-standard.effect c8f66d17-351a-48da-a12c-0212d28575c4 not foundError: [Scene] EffectAsset builtin-standard.effect c8f66d17-351a-48da-a12c-0212d28575c4 not found
    at MaterialAsset.queryAllEffects (D:\code_software\cocoscreator\editors\Creator\3.8.3\resources\app.asar\builtin\scene\dist\script\3d\manager\asset\material.ccc:1:4114)
2025-1-8 15:20:31 - warn: [Scene] EffectAsset builtin-standard.effect c8f66d17-351a-48da-a12c-0212d28575c4 not foundError: [Scene] EffectAsset builtin-standard.effect c8f66d17-351a-48da-a12c-0212d28575c4 not found
    at MaterialAsset.queryAllEffects (D:\code_software\cocoscreator\editors\Creator\3.8.3\resources\app.asar\builtin\scene\dist\script\3d\manager\asset\material.ccc:1:4114)
2025-1-8 15:20:32 - warn: [Scene] EffectAsset builtin-standard.effect c8f66d17-351a-48da-a12c-0212d28575c4 not foundError: [Scene] EffectAsset builtin-standard.effect c8f66d17-351a-48da-a12c-0212d28575c4 not found
    at MaterialAsset.queryAllEffects (D:\code_software\cocoscreator\editors\Creator\3.8.3\resources\app.asar\builtin\scene\dist\script\3d\manager\asset\material.ccc:1:4114)
2025-1-8 15:20:35 - warn: [Scene] EffectAsset builtin-standard.effect c8f66d17-351a-48da-a12c-0212d28575c4 not foundError: [Scene] EffectAsset builtin-standard.effect c8f66d17-351a-48da-a12c-0212d28575c4 not found
    at MaterialAsset.queryAllEffects (D:\code_software\cocoscreator\editors\Creator\3.8.3\resources\app.asar\builtin\scene\dist\script\3d\manager\asset\material.ccc:1:4114)
2025-1-8 15:20:36 - warn: [Scene] EffectAsset builtin-standard.effect c8f66d17-351a-48da-a12c-0212d28575c4 not foundError: [Scene] EffectAsset builtin-standard.effect c8f66d17-351a-48da-a12c-0212d28575c4 not found
    at MaterialAsset.queryAllEffects (D:\code_software\cocoscreator\editors\Creator\3.8.3\resources\app.asar\builtin\scene\dist\script\3d\manager\asset\material.ccc:1:4114)
2025-1-8 15:20:37 - warn: [Scene] EffectAsset builtin-standard.effect c8f66d17-351a-48da-a12c-0212d28575c4 not foundError: [Scene] EffectAsset builtin-standard.effect c8f66d17-351a-48da-a12c-0212d28575c4 not found
    at MaterialAsset.queryAllEffects (D:\code_software\cocoscreator\editors\Creator\3.8.3\resources\app.asar\builtin\scene\dist\script\3d\manager\asset\material.ccc:1:4114)
2025-1-8 15:20:40 - warn: [Scene] EffectAsset builtin-standard.effect c8f66d17-351a-48da-a12c-0212d28575c4 not foundError: [Scene] EffectAsset builtin-standard.effect c8f66d17-351a-48da-a12c-0212d28575c4 not found
    at MaterialAsset.queryAllEffects (D:\code_software\cocoscreator\editors\Creator\3.8.3\resources\app.asar\builtin\scene\dist\script\3d\manager\asset\material.ccc:1:4114)
2025-1-8 15:20:44 - warn: [Scene] EffectAsset builtin-standard.effect c8f66d17-351a-48da-a12c-0212d28575c4 not foundError: [Scene] EffectAsset builtin-standard.effect c8f66d17-351a-48da-a12c-0212d28575c4 not found
    at MaterialAsset.queryAllEffects (D:\code_software\cocoscreator\editors\Creator\3.8.3\resources\app.asar\builtin\scene\dist\script\3d\manager\asset\material.ccc:1:4114)
2025-1-8 15:20:45 - warn: [Scene] EffectAsset builtin-standard.effect c8f66d17-351a-48da-a12c-0212d28575c4 not foundError: [Scene] EffectAsset builtin-standard.effect c8f66d17-351a-48da-a12c-0212d28575c4 not found
    at MaterialAsset.queryAllEffects (D:\code_software\cocoscreator\editors\Creator\3.8.3\resources\app.asar\builtin\scene\dist\script\3d\manager\asset\material.ccc:1:4114)
2025-1-8 15:20:46 - warn: [Scene] EffectAsset builtin-standard.effect c8f66d17-351a-48da-a12c-0212d28575c4 not foundError: [Scene] EffectAsset builtin-standard.effect c8f66d17-351a-48da-a12c-0212d28575c4 not found
    at MaterialAsset.queryAllEffects (D:\code_software\cocoscreator\editors\Creator\3.8.3\resources\app.asar\builtin\scene\dist\script\3d\manager\asset\material.ccc:1:4114)
2025-1-8 15:20:52 - warn: [Scene] EffectAsset builtin-standard.effect c8f66d17-351a-48da-a12c-0212d28575c4 not foundError: [Scene] EffectAsset builtin-standard.effect c8f66d17-351a-48da-a12c-0212d28575c4 not found
    at MaterialAsset.queryAllEffects (D:\code_software\cocoscreator\editors\Creator\3.8.3\resources\app.asar\builtin\scene\dist\script\3d\manager\asset\material.ccc:1:4114)
2025-1-8 15:20:55 - warn: [Scene] EffectAsset builtin-standard.effect c8f66d17-351a-48da-a12c-0212d28575c4 not foundError: [Scene] EffectAsset builtin-standard.effect c8f66d17-351a-48da-a12c-0212d28575c4 not found
    at MaterialAsset.queryAllEffects (D:\code_software\cocoscreator\editors\Creator\3.8.3\resources\app.asar\builtin\scene\dist\script\3d\manager\asset\material.ccc:1:4114)
2025-1-8 15:20:57 - warn: [Scene] EffectAsset builtin-standard.effect c8f66d17-351a-48da-a12c-0212d28575c4 not foundError: [Scene] EffectAsset builtin-standard.effect c8f66d17-351a-48da-a12c-0212d28575c4 not found
    at MaterialAsset.queryAllEffects (D:\code_software\cocoscreator\editors\Creator\3.8.3\resources\app.asar\builtin\scene\dist\script\3d\manager\asset\material.ccc:1:4114)
2025-1-8 15:21:02 - warn: [Scene] EffectAsset builtin-standard.effect c8f66d17-351a-48da-a12c-0212d28575c4 not foundError: [Scene] EffectAsset builtin-standard.effect c8f66d17-351a-48da-a12c-0212d28575c4 not found
    at MaterialAsset.queryAllEffects (D:\code_software\cocoscreator\editors\Creator\3.8.3\resources\app.asar\builtin\scene\dist\script\3d\manager\asset\material.ccc:1:4114)
2025-1-8 15:21:07 - warn: [Scene] EffectAsset builtin-standard.effect c8f66d17-351a-48da-a12c-0212d28575c4 not foundError: [Scene] EffectAsset builtin-standard.effect c8f66d17-351a-48da-a12c-0212d28575c4 not found
    at MaterialAsset.queryAllEffects (D:\code_software\cocoscreator\editors\Creator\3.8.3\resources\app.asar\builtin\scene\dist\script\3d\manager\asset\material.ccc:1:4114)
2025-1-8 15:21:11 - warn: [Scene] EffectAsset builtin-standard.effect c8f66d17-351a-48da-a12c-0212d28575c4 not foundError: [Scene] EffectAsset builtin-standard.effect c8f66d17-351a-48da-a12c-0212d28575c4 not found
    at MaterialAsset.queryAllEffects (D:\code_software\cocoscreator\editors\Creator\3.8.3\resources\app.asar\builtin\scene\dist\script\3d\manager\asset\material.ccc:1:4114)
2025-1-8 15:21:15 - warn: [Scene] EffectAsset builtin-standard.effect c8f66d17-351a-48da-a12c-0212d28575c4 not foundError: [Scene] EffectAsset builtin-standard.effect c8f66d17-351a-48da-a12c-0212d28575c4 not found
    at MaterialAsset.queryAllEffects (D:\code_software\cocoscreator\editors\Creator\3.8.3\resources\app.asar\builtin\scene\dist\script\3d\manager\asset\material.ccc:1:4114)
2025-1-8 15:21:16 - warn: [Scene] EffectAsset builtin-standard.effect c8f66d17-351a-48da-a12c-0212d28575c4 not foundError: [Scene] EffectAsset builtin-standard.effect c8f66d17-351a-48da-a12c-0212d28575c4 not found
    at MaterialAsset.queryAllEffects (D:\code_software\cocoscreator\editors\Creator\3.8.3\resources\app.asar\builtin\scene\dist\script\3d\manager\asset\material.ccc:1:4114)
2025-1-8 15:21:40 - warn: [Scene] EffectAsset builtin-standard.effect c8f66d17-351a-48da-a12c-0212d28575c4 not foundError: [Scene] EffectAsset builtin-standard.effect c8f66d17-351a-48da-a12c-0212d28575c4 not found
    at MaterialAsset.queryAllEffects (D:\code_software\cocoscreator\editors\Creator\3.8.3\resources\app.asar\builtin\scene\dist\script\3d\manager\asset\material.ccc:1:4114)
2025-1-8 15:21:43 - warn: [Scene] EffectAsset builtin-standard.effect c8f66d17-351a-48da-a12c-0212d28575c4 not foundError: [Scene] EffectAsset builtin-standard.effect c8f66d17-351a-48da-a12c-0212d28575c4 not found
    at MaterialAsset.queryAllEffects (D:\code_software\cocoscreator\editors\Creator\3.8.3\resources\app.asar\builtin\scene\dist\script\3d\manager\asset\material.ccc:1:4114)
2025-1-8 15:21:50 - warn: [Scene] EffectAsset builtin-standard.effect c8f66d17-351a-48da-a12c-0212d28575c4 not foundError: [Scene] EffectAsset builtin-standard.effect c8f66d17-351a-48da-a12c-0212d28575c4 not found
    at MaterialAsset.queryAllEffects (D:\code_software\cocoscreator\editors\Creator\3.8.3\resources\app.asar\builtin\scene\dist\script\3d\manager\asset\material.ccc:1:4114)
2025-1-8 15:21:53 - warn: [Scene] EffectAsset builtin-standard.effect c8f66d17-351a-48da-a12c-0212d28575c4 not foundError: [Scene] EffectAsset builtin-standard.effect c8f66d17-351a-48da-a12c-0212d28575c4 not found
    at MaterialAsset.queryAllEffects (D:\code_software\cocoscreator\editors\Creator\3.8.3\resources\app.asar\builtin\scene\dist\script\3d\manager\asset\material.ccc:1:4114)
2025-1-8 15:21:55 - warn: [Scene] EffectAsset builtin-standard.effect c8f66d17-351a-48da-a12c-0212d28575c4 not foundError: [Scene] EffectAsset builtin-standard.effect c8f66d17-351a-48da-a12c-0212d28575c4 not found
    at MaterialAsset.queryAllEffects (D:\code_software\cocoscreator\editors\Creator\3.8.3\resources\app.asar\builtin\scene\dist\script\3d\manager\asset\material.ccc:1:4114)
2025-1-8 15:22:00 - warn: [Scene] EffectAsset builtin-standard.effect c8f66d17-351a-48da-a12c-0212d28575c4 not foundError: [Scene] EffectAsset builtin-standard.effect c8f66d17-351a-48da-a12c-0212d28575c4 not found
    at MaterialAsset.queryAllEffects (D:\code_software\cocoscreator\editors\Creator\3.8.3\resources\app.asar\builtin\scene\dist\script\3d\manager\asset\material.ccc:1:4114)
2025-1-8 15:22:10 - warn: [Scene] EffectAsset builtin-standard.effect c8f66d17-351a-48da-a12c-0212d28575c4 not foundError: [Scene] EffectAsset builtin-standard.effect c8f66d17-351a-48da-a12c-0212d28575c4 not found
    at MaterialAsset.queryAllEffects (D:\code_software\cocoscreator\editors\Creator\3.8.3\resources\app.asar\builtin\scene\dist\script\3d\manager\asset\material.ccc:1:4114)
2025-1-8 15:22:15 - warn: [Scene] EffectAsset builtin-standard.effect c8f66d17-351a-48da-a12c-0212d28575c4 not foundError: [Scene] EffectAsset builtin-standard.effect c8f66d17-351a-48da-a12c-0212d28575c4 not found
    at MaterialAsset.queryAllEffects (D:\code_software\cocoscreator\editors\Creator\3.8.3\resources\app.asar\builtin\scene\dist\script\3d\manager\asset\material.ccc:1:4114)
2025-1-8 15:22:38 - warn: [Scene] EffectAsset builtin-standard.effect c8f66d17-351a-48da-a12c-0212d28575c4 not foundError: [Scene] EffectAsset builtin-standard.effect c8f66d17-351a-48da-a12c-0212d28575c4 not found
    at MaterialAsset.queryAllEffects (D:\code_software\cocoscreator\editors\Creator\3.8.3\resources\app.asar\builtin\scene\dist\script\3d\manager\asset\material.ccc:1:4114)
2025-1-8 15:22:39 - warn: [Scene] EffectAsset builtin-standard.effect c8f66d17-351a-48da-a12c-0212d28575c4 not foundError: [Scene] EffectAsset builtin-standard.effect c8f66d17-351a-48da-a12c-0212d28575c4 not found
    at MaterialAsset.queryAllEffects (D:\code_software\cocoscreator\editors\Creator\3.8.3\resources\app.asar\builtin\scene\dist\script\3d\manager\asset\material.ccc:1:4114)
2025-1-8 15:23:27 - warn: [Scene] EffectAsset builtin-standard.effect c8f66d17-351a-48da-a12c-0212d28575c4 not foundError: [Scene] EffectAsset builtin-standard.effect c8f66d17-351a-48da-a12c-0212d28575c4 not found
    at MaterialAsset.queryAllEffects (D:\code_software\cocoscreator\editors\Creator\3.8.3\resources\app.asar\builtin\scene\dist\script\3d\manager\asset\material.ccc:1:4114)
2025-1-8 15:23:39 - warn: [Scene] EffectAsset builtin-standard.effect c8f66d17-351a-48da-a12c-0212d28575c4 not foundError: [Scene] EffectAsset builtin-standard.effect c8f66d17-351a-48da-a12c-0212d28575c4 not found
    at MaterialAsset.queryAllEffects (D:\code_software\cocoscreator\editors\Creator\3.8.3\resources\app.asar\builtin\scene\dist\script\3d\manager\asset\material.ccc:1:4114)
2025-1-8 15:23:51 - warn: [Scene] EffectAsset builtin-standard.effect c8f66d17-351a-48da-a12c-0212d28575c4 not foundError: [Scene] EffectAsset builtin-standard.effect c8f66d17-351a-48da-a12c-0212d28575c4 not found
    at MaterialAsset.queryAllEffects (D:\code_software\cocoscreator\editors\Creator\3.8.3\resources\app.asar\builtin\scene\dist\script\3d\manager\asset\material.ccc:1:4114)
2025-1-8 15:24:29 - warn: [Scene] builtin UBO 'CCConst' not available!Error: [Scene] builtin UBO 'CCConst' not available!
    at insertBuiltinBindings (D:\code_software\cocoscreator\editors\Creator\3.8.3\resources\resources\3d\engine\bin\.cache\dev\editor\bundled\index.js:207328:17)
    at ProgramLib.getGFXShader (D:\code_software\cocoscreator\editors\Creator\3.8.3\resources\resources\3d\engine\bin\.cache\dev\editor\bundled\index.js:207803:13)
    at Pass.tryCompile (D:\code_software\cocoscreator\editors\Creator\3.8.3\resources\resources\3d\engine\bin\.cache\dev\editor\bundled\index.js:206801:39)
    at Pass.initialize (D:\code_software\cocoscreator\editors\Creator\3.8.3\resources\resources\3d\engine\bin\.cache\dev\editor\bundled\index.js:206494:16)
    at Material._createPasses (D:\code_software\cocoscreator\editors\Creator\3.8.3\resources\resources\3d\engine\bin\.cache\dev\editor\bundled\index.js:126014:18)
    at Material._update (D:\code_software\cocoscreator\editors\Creator\3.8.3\resources\resources\3d\engine\bin\.cache\dev\editor\bundled\index.js:126025:33)
    at Material.onLoaded (D:\code_software\cocoscreator\editors\Creator\3.8.3\resources\resources\3d\engine\bin\.cache\dev\editor\bundled\index.js:125820:16)
2025-1-8 15:24:30 - error: [Scene] VertexShader in 'pipeline/cluster-culling|cluster-main' compilation failed.Error: [Scene] VertexShader in 'pipeline/cluster-culling|cluster-main' compilation failed.
    at error (D:\code_software\cocoscreator\editors\Creator\3.8.3\resources\resources\3d\engine\bin\.cache\dev\editor\bundled\index.js:160132:12)
    at WebGL2CmdFuncCreateShader (D:\code_software\cocoscreator\editors\Creator\3.8.3\resources\resources\3d\engine\bin\.cache\dev\editor\bundled\index.js:184138:11)
    at WebGL2Shader.get gpuShader [as gpuShader] (D:\code_software\cocoscreator\editors\Creator\3.8.3\resources\resources\3d\engine\bin\.cache\dev\editor\bundled\index.js:186601:13)
    at Object.get (D:\code_software\cocoscreator\editors\Creator\3.8.3\resources\resources\3d\engine\bin\.cache\dev\editor\bundled\index.js:141699:35)
    at WebGL2PipelineState.initialize (D:\code_software\cocoscreator\editors\Creator\3.8.3\resources\resources\3d\engine\bin\.cache\dev\editor\bundled\index.js:186260:36)
    at Proxy.newFunc (D:\code_software\cocoscreator\editors\Creator\3.8.3\resources\resources\3d\engine\bin\.cache\dev\editor\bundled\index.js:141704:37)
    at WebGL2Device.createPipelineState (D:\code_software\cocoscreator\editors\Creator\3.8.3\resources\resources\3d\engine\bin\.cache\dev\editor\bundled\index.js:182367:25)
2025-1-8 15:24:30 - error: [Scene] Shader source dump: 
1 #define CC_DEVICE_SUPPORT_FLOAT_TEXTURE 1
2 #define CC_ENABLE_CLUSTERED_LIGHT_CULLING 0
3 #define CC_DEVICE_MAX_VERTEX_UNIFORM_VECTORS 4096
4 #define CC_DEVICE_MAX_FRAGMENT_UNIFORM_VECTORS 1024
5 #define CC_DEVICE_CAN_BENEFIT_FROM_INPUT_ATTACHMENT 0
6 #define CC_PLATFORM_ANDROID_AND_WEBGL 0
7 #define CC_ENABLE_WEBGL_HIGHP_STRUCT_VALUES 0
8 #define CC_JOINT_UNIFORM_CAPACITY 256
9 #define CC_EFFECT_USED_COMPUTE_UNIFORM_VECTORS 11
10 undefinedError: [Scene] Shader source dump: 
1 #define CC_DEVICE_SUPPORT_FLOAT_TEXTURE 1
2 #define CC_ENABLE_CLUSTERED_LIGHT_CULLING 0
3 #define CC_DEVICE_MAX_VERTEX_UNIFORM_VECTORS 4096
4 #define CC_DEVICE_MAX_FRAGMENT_UNIFORM_VECTORS 1024
5 #define CC_DEVICE_CAN_BENEFIT_FROM_INPUT_ATTACHMENT 0
6 #define CC_PLATFORM_ANDROID_AND_WEBGL 0
7 #define CC_ENABLE_WEBGL_HIGHP_STRUCT_VALUES 0
8 #define CC_JOINT_UNIFORM_CAPACITY 256
9 #define CC_EFFECT_USED_COMPUTE_UNIFORM_VECTORS 11
10 undefined
    at error (D:\code_software\cocoscreator\editors\Creator\3.8.3\resources\resources\3d\engine\bin\.cache\dev\editor\bundled\index.js:160132:12)
    at WebGL2CmdFuncCreateShader (D:\code_software\cocoscreator\editors\Creator\3.8.3\resources\resources\3d\engine\bin\.cache\dev\editor\bundled\index.js:184139:11)
    at WebGL2Shader.get gpuShader [as gpuShader] (D:\code_software\cocoscreator\editors\Creator\3.8.3\resources\resources\3d\engine\bin\.cache\dev\editor\bundled\index.js:186601:13)
    at Object.get (D:\code_software\cocoscreator\editors\Creator\3.8.3\resources\resources\3d\engine\bin\.cache\dev\editor\bundled\index.js:141699:35)
    at WebGL2PipelineState.initialize (D:\code_software\cocoscreator\editors\Creator\3.8.3\resources\resources\3d\engine\bin\.cache\dev\editor\bundled\index.js:186260:36)
    at Proxy.newFunc (D:\code_software\cocoscreator\editors\Creator\3.8.3\resources\resources\3d\engine\bin\.cache\dev\editor\bundled\index.js:141704:37)
    at WebGL2Device.createPipelineState (D:\code_software\cocoscreator\editors\Creator\3.8.3\resources\resources\3d\engine\bin\.cache\dev\editor\bundled\index.js:182367:25)
2025-1-8 15:24:30 - error: [Scene] ERROR: 0:11: 'undefined' : syntax error
 Error: [Scene] ERROR: 0:11: 'undefined' : syntax error
 
    at error (D:\code_software\cocoscreator\editors\Creator\3.8.3\resources\resources\3d\engine\bin\.cache\dev\editor\bundled\index.js:160132:12)
    at WebGL2CmdFuncCreateShader (D:\code_software\cocoscreator\editors\Creator\3.8.3\resources\resources\3d\engine\bin\.cache\dev\editor\bundled\index.js:184140:11)
    at WebGL2Shader.get gpuShader [as gpuShader] (D:\code_software\cocoscreator\editors\Creator\3.8.3\resources\resources\3d\engine\bin\.cache\dev\editor\bundled\index.js:186601:13)
    at Object.get (D:\code_software\cocoscreator\editors\Creator\3.8.3\resources\resources\3d\engine\bin\.cache\dev\editor\bundled\index.js:141699:35)
    at WebGL2PipelineState.initialize (D:\code_software\cocoscreator\editors\Creator\3.8.3\resources\resources\3d\engine\bin\.cache\dev\editor\bundled\index.js:186260:36)
    at Proxy.newFunc (D:\code_software\cocoscreator\editors\Creator\3.8.3\resources\resources\3d\engine\bin\.cache\dev\editor\bundled\index.js:141704:37)
    at WebGL2Device.createPipelineState (D:\code_software\cocoscreator\editors\Creator\3.8.3\resources\resources\3d\engine\bin\.cache\dev\editor\bundled\index.js:182367:25)
2025-1-8 15:24:30 - error: [Scene] VertexShader in 'pipeline/cluster-culling|cluster-main' compilation failed.Error: [Scene] VertexShader in 'pipeline/cluster-culling|cluster-main' compilation failed.
    at error (D:\code_software\cocoscreator\editors\Creator\3.8.3\resources\resources\3d\engine\bin\.cache\dev\editor\bundled\index.js:160132:12)
    at WebGL2CmdFuncCreateShader (D:\code_software\cocoscreator\editors\Creator\3.8.3\resources\resources\3d\engine\bin\.cache\dev\editor\bundled\index.js:184138:11)
    at WebGL2Shader.get gpuShader [as gpuShader] (D:\code_software\cocoscreator\editors\Creator\3.8.3\resources\resources\3d\engine\bin\.cache\dev\editor\bundled\index.js:186601:13)
    at Object.get (D:\code_software\cocoscreator\editors\Creator\3.8.3\resources\resources\3d\engine\bin\.cache\dev\editor\bundled\index.js:141699:35)
    at WebGL2PipelineState.initialize (D:\code_software\cocoscreator\editors\Creator\3.8.3\resources\resources\3d\engine\bin\.cache\dev\editor\bundled\index.js:186260:36)
    at Proxy.newFunc (D:\code_software\cocoscreator\editors\Creator\3.8.3\resources\resources\3d\engine\bin\.cache\dev\editor\bundled\index.js:141704:37)
    at WebGL2Device.createPipelineState (D:\code_software\cocoscreator\editors\Creator\3.8.3\resources\resources\3d\engine\bin\.cache\dev\editor\bundled\index.js:182367:25)
2025-1-8 15:24:30 - error: [Scene] Shader source dump: 
1 #define CC_DEVICE_SUPPORT_FLOAT_TEXTURE 1
2 #define CC_ENABLE_CLUSTERED_LIGHT_CULLING 0
3 #define CC_DEVICE_MAX_VERTEX_UNIFORM_VECTORS 4096
4 #define CC_DEVICE_MAX_FRAGMENT_UNIFORM_VECTORS 1024
5 #define CC_DEVICE_CAN_BENEFIT_FROM_INPUT_ATTACHMENT 0
6 #define CC_PLATFORM_ANDROID_AND_WEBGL 0
7 #define CC_ENABLE_WEBGL_HIGHP_STRUCT_VALUES 0
8 #define CC_JOINT_UNIFORM_CAPACITY 256
9 #define CC_EFFECT_USED_COMPUTE_UNIFORM_VECTORS 11
10 undefinedError: [Scene] Shader source dump: 
1 #define CC_DEVICE_SUPPORT_FLOAT_TEXTURE 1
2 #define CC_ENABLE_CLUSTERED_LIGHT_CULLING 0
3 #define CC_DEVICE_MAX_VERTEX_UNIFORM_VECTORS 4096
4 #define CC_DEVICE_MAX_FRAGMENT_UNIFORM_VECTORS 1024
5 #define CC_DEVICE_CAN_BENEFIT_FROM_INPUT_ATTACHMENT 0
6 #define CC_PLATFORM_ANDROID_AND_WEBGL 0
7 #define CC_ENABLE_WEBGL_HIGHP_STRUCT_VALUES 0
8 #define CC_JOINT_UNIFORM_CAPACITY 256
9 #define CC_EFFECT_USED_COMPUTE_UNIFORM_VECTORS 11
10 undefined
    at error (D:\code_software\cocoscreator\editors\Creator\3.8.3\resources\resources\3d\engine\bin\.cache\dev\editor\bundled\index.js:160132:12)
    at WebGL2CmdFuncCreateShader (D:\code_software\cocoscreator\editors\Creator\3.8.3\resources\resources\3d\engine\bin\.cache\dev\editor\bundled\index.js:184139:11)
    at WebGL2Shader.get gpuShader [as gpuShader] (D:\code_software\cocoscreator\editors\Creator\3.8.3\resources\resources\3d\engine\bin\.cache\dev\editor\bundled\index.js:186601:13)
    at Object.get (D:\code_software\cocoscreator\editors\Creator\3.8.3\resources\resources\3d\engine\bin\.cache\dev\editor\bundled\index.js:141699:35)
    at WebGL2PipelineState.initialize (D:\code_software\cocoscreator\editors\Creator\3.8.3\resources\resources\3d\engine\bin\.cache\dev\editor\bundled\index.js:186260:36)
    at Proxy.newFunc (D:\code_software\cocoscreator\editors\Creator\3.8.3\resources\resources\3d\engine\bin\.cache\dev\editor\bundled\index.js:141704:37)
    at WebGL2Device.createPipelineState (D:\code_software\cocoscreator\editors\Creator\3.8.3\resources\resources\3d\engine\bin\.cache\dev\editor\bundled\index.js:182367:25)
2025-1-8 15:24:30 - error: [Scene] ERROR: 0:11: 'undefined' : syntax error
 Error: [Scene] ERROR: 0:11: 'undefined' : syntax error
 
    at error (D:\code_software\cocoscreator\editors\Creator\3.8.3\resources\resources\3d\engine\bin\.cache\dev\editor\bundled\index.js:160132:12)
    at WebGL2CmdFuncCreateShader (D:\code_software\cocoscreator\editors\Creator\3.8.3\resources\resources\3d\engine\bin\.cache\dev\editor\bundled\index.js:184140:11)
    at WebGL2Shader.get gpuShader [as gpuShader] (D:\code_software\cocoscreator\editors\Creator\3.8.3\resources\resources\3d\engine\bin\.cache\dev\editor\bundled\index.js:186601:13)
    at Object.get (D:\code_software\cocoscreator\editors\Creator\3.8.3\resources\resources\3d\engine\bin\.cache\dev\editor\bundled\index.js:141699:35)
    at WebGL2PipelineState.initialize (D:\code_software\cocoscreator\editors\Creator\3.8.3\resources\resources\3d\engine\bin\.cache\dev\editor\bundled\index.js:186260:36)
    at Proxy.newFunc (D:\code_software\cocoscreator\editors\Creator\3.8.3\resources\resources\3d\engine\bin\.cache\dev\editor\bundled\index.js:141704:37)
    at WebGL2Device.createPipelineState (D:\code_software\cocoscreator\editors\Creator\3.8.3\resources\resources\3d\engine\bin\.cache\dev\editor\bundled\index.js:182367:25)
2025-1-8 15:25:35 - warn: [Scene] EffectAsset builtin-standard.effect c8f66d17-351a-48da-a12c-0212d28575c4 not foundError: [Scene] EffectAsset builtin-standard.effect c8f66d17-351a-48da-a12c-0212d28575c4 not found
    at MaterialAsset.queryAllEffects (D:\code_software\cocoscreator\editors\Creator\3.8.3\resources\app.asar\builtin\scene\dist\script\3d\manager\asset\material.ccc:1:4114)
2025-1-8 15:25:49 - warn: [Scene] EffectAsset builtin-standard.effect c8f66d17-351a-48da-a12c-0212d28575c4 not foundError: [Scene] EffectAsset builtin-standard.effect c8f66d17-351a-48da-a12c-0212d28575c4 not found
    at MaterialAsset.queryAllEffects (D:\code_software\cocoscreator\editors\Creator\3.8.3\resources\app.asar\builtin\scene\dist\script\3d\manager\asset\material.ccc:1:4114)
2025-1-8 15:25:49 - warn: [Scene] EffectAsset builtin-standard.effect c8f66d17-351a-48da-a12c-0212d28575c4 not foundError: [Scene] EffectAsset builtin-standard.effect c8f66d17-351a-48da-a12c-0212d28575c4 not found
    at MaterialAsset.queryAllEffects (D:\code_software\cocoscreator\editors\Creator\3.8.3\resources\app.asar\builtin\scene\dist\script\3d\manager\asset\material.ccc:1:4114)
2025-1-8 15:26:25 - warn: [Scene] EffectAsset builtin-standard.effect c8f66d17-351a-48da-a12c-0212d28575c4 not foundError: [Scene] EffectAsset builtin-standard.effect c8f66d17-351a-48da-a12c-0212d28575c4 not found
    at MaterialAsset.queryAllEffects (D:\code_software\cocoscreator\editors\Creator\3.8.3\resources\app.asar\builtin\scene\dist\script\3d\manager\asset\material.ccc:1:4114)
2025-1-8 15:26:40 - info: [Window] Download the Vue Devtools extension for a better development experience:
https://github.com/vuejs/vue-devtools
2025-1-8 15:26:40 - info: [Window] You are running Vue in development mode.
Make sure to turn on production mode when deploying for production.
See more tips at https://vuejs.org/guide/deployment.html
2025-1-8 15:29:34 - warn: [Scene] EffectAsset builtin-standard.effect c8f66d17-351a-48da-a12c-0212d28575c4 not foundError: [Scene] EffectAsset builtin-standard.effect c8f66d17-351a-48da-a12c-0212d28575c4 not found
    at MaterialAsset.queryAllEffects (D:\code_software\cocoscreator\editors\Creator\3.8.3\resources\app.asar\builtin\scene\dist\script\3d\manager\asset\material.ccc:1:4114)
2025-1-8 15:31:01 - warn: [Scene] EffectAsset builtin-standard.effect c8f66d17-351a-48da-a12c-0212d28575c4 not foundError: [Scene] EffectAsset builtin-standard.effect c8f66d17-351a-48da-a12c-0212d28575c4 not found
    at MaterialAsset.queryAllEffects (D:\code_software\cocoscreator\editors\Creator\3.8.3\resources\app.asar\builtin\scene\dist\script\3d\manager\asset\material.ccc:1:4114)
2025-1-8 15:31:28 - warn: [Scene] EffectAsset builtin-standard.effect c8f66d17-351a-48da-a12c-0212d28575c4 not foundError: [Scene] EffectAsset builtin-standard.effect c8f66d17-351a-48da-a12c-0212d28575c4 not found
    at MaterialAsset.queryAllEffects (D:\code_software\cocoscreator\editors\Creator\3.8.3\resources\app.asar\builtin\scene\dist\script\3d\manager\asset\material.ccc:1:4114)
2025-1-8 15:31:55 - warn: [Scene] EffectAsset builtin-standard.effect c8f66d17-351a-48da-a12c-0212d28575c4 not foundError: [Scene] EffectAsset builtin-standard.effect c8f66d17-351a-48da-a12c-0212d28575c4 not found
    at MaterialAsset.queryAllEffects (D:\code_software\cocoscreator\editors\Creator\3.8.3\resources\app.asar\builtin\scene\dist\script\3d\manager\asset\material.ccc:1:4114)
2025-1-8 15:32:16 - warn: [Scene] EffectAsset builtin-standard.effect c8f66d17-351a-48da-a12c-0212d28575c4 not foundError: [Scene] EffectAsset builtin-standard.effect c8f66d17-351a-48da-a12c-0212d28575c4 not found
    at MaterialAsset.queryAllEffects (D:\code_software\cocoscreator\editors\Creator\3.8.3\resources\app.asar\builtin\scene\dist\script\3d\manager\asset\material.ccc:1:4114)
2025-1-8 15:32:19 - warn: [Scene] EffectAsset builtin-standard.effect c8f66d17-351a-48da-a12c-0212d28575c4 not foundError: [Scene] EffectAsset builtin-standard.effect c8f66d17-351a-48da-a12c-0212d28575c4 not found
    at MaterialAsset.queryAllEffects (D:\code_software\cocoscreator\editors\Creator\3.8.3\resources\app.asar\builtin\scene\dist\script\3d\manager\asset\material.ccc:1:4114)
2025-1-8 15:32:53 - warn: [Scene] EffectAsset builtin-standard.effect c8f66d17-351a-48da-a12c-0212d28575c4 not foundError: [Scene] EffectAsset builtin-standard.effect c8f66d17-351a-48da-a12c-0212d28575c4 not found
    at MaterialAsset.queryAllEffects (D:\code_software\cocoscreator\editors\Creator\3.8.3\resources\app.asar\builtin\scene\dist\script\3d\manager\asset\material.ccc:1:4114)
2025-1-8 15:33:00 - warn: [Scene] EffectAsset builtin-standard.effect c8f66d17-351a-48da-a12c-0212d28575c4 not foundError: [Scene] EffectAsset builtin-standard.effect c8f66d17-351a-48da-a12c-0212d28575c4 not found
    at MaterialAsset.queryAllEffects (D:\code_software\cocoscreator\editors\Creator\3.8.3\resources\app.asar\builtin\scene\dist\script\3d\manager\asset\material.ccc:1:4114)
2025-1-8 15:33:08 - warn: [Scene] EffectAsset builtin-standard.effect c8f66d17-351a-48da-a12c-0212d28575c4 not foundError: [Scene] EffectAsset builtin-standard.effect c8f66d17-351a-48da-a12c-0212d28575c4 not found
    at MaterialAsset.queryAllEffects (D:\code_software\cocoscreator\editors\Creator\3.8.3\resources\app.asar\builtin\scene\dist\script\3d\manager\asset\material.ccc:1:4114)
2025-1-8 15:33:17 - warn: [Scene] EffectAsset builtin-standard.effect c8f66d17-351a-48da-a12c-0212d28575c4 not foundError: [Scene] EffectAsset builtin-standard.effect c8f66d17-351a-48da-a12c-0212d28575c4 not found
    at MaterialAsset.queryAllEffects (D:\code_software\cocoscreator\editors\Creator\3.8.3\resources\app.asar\builtin\scene\dist\script\3d\manager\asset\material.ccc:1:4114)
2025-1-8 15:33:56 - warn: [Scene] EffectAsset builtin-standard.effect c8f66d17-351a-48da-a12c-0212d28575c4 not foundError: [Scene] EffectAsset builtin-standard.effect c8f66d17-351a-48da-a12c-0212d28575c4 not found
    at MaterialAsset.queryAllEffects (D:\code_software\cocoscreator\editors\Creator\3.8.3\resources\app.asar\builtin\scene\dist\script\3d\manager\asset\material.ccc:1:4114)
2025-1-8 15:41:58 - warn: [Scene] EffectAsset builtin-standard.effect c8f66d17-351a-48da-a12c-0212d28575c4 not foundError: [Scene] EffectAsset builtin-standard.effect c8f66d17-351a-48da-a12c-0212d28575c4 not found
    at MaterialAsset.queryAllEffects (D:\code_software\cocoscreator\editors\Creator\3.8.3\resources\app.asar\builtin\scene\dist\script\3d\manager\asset\material.ccc:1:4114)
2025-1-8 15:42:05 - warn: [Scene] EffectAsset builtin-standard.effect c8f66d17-351a-48da-a12c-0212d28575c4 not foundError: [Scene] EffectAsset builtin-standard.effect c8f66d17-351a-48da-a12c-0212d28575c4 not found
    at MaterialAsset.queryAllEffects (D:\code_software\cocoscreator\editors\Creator\3.8.3\resources\app.asar\builtin\scene\dist\script\3d\manager\asset\material.ccc:1:4114)
2025-1-8 15:45:17 - warn: [Scene] EffectAsset builtin-standard.effect c8f66d17-351a-48da-a12c-0212d28575c4 not foundError: [Scene] EffectAsset builtin-standard.effect c8f66d17-351a-48da-a12c-0212d28575c4 not found
    at MaterialAsset.queryAllEffects (D:\code_software\cocoscreator\editors\Creator\3.8.3\resources\app.asar\builtin\scene\dist\script\3d\manager\asset\material.ccc:1:4114)
2025-1-8 15:48:16 - warn: [Scene] EffectAsset builtin-standard.effect c8f66d17-351a-48da-a12c-0212d28575c4 not foundError: [Scene] EffectAsset builtin-standard.effect c8f66d17-351a-48da-a12c-0212d28575c4 not found
    at MaterialAsset.queryAllEffects (D:\code_software\cocoscreator\editors\Creator\3.8.3\resources\app.asar\builtin\scene\dist\script\3d\manager\asset\material.ccc:1:4114)
2025-1-8 15:51:25 - warn: [Scene] EffectAsset builtin-standard.effect c8f66d17-351a-48da-a12c-0212d28575c4 not foundError: [Scene] EffectAsset builtin-standard.effect c8f66d17-351a-48da-a12c-0212d28575c4 not found
    at MaterialAsset.queryAllEffects (D:\code_software\cocoscreator\editors\Creator\3.8.3\resources\app.asar\builtin\scene\dist\script\3d\manager\asset\material.ccc:1:4114)
2025-1-8 15:53:55 - error: [Assets] builtin-sprite-chip.effect - sprite-vs:vert: Error EFX2406: compilation failed: ↓↓↓↓↓ EXPAND THIS MESSAGE FOR MORE INFO ↓↓↓↓↓
ERROR: 0:89: 'gl_PointSize' : syntax error
 

1 #version 100
2 #define USE_LOCAL 1
3 #define SAMPLE_FROM_RT 1
4 #define CC_DEVICE_SUPPORT_FLOAT_TEXTURE 1
5 #define CC_DEVICE_MAX_FRAGMENT_UNIFORM_VECTORS 1024
6 #define CC_DEVICE_MAX_VERTEX_UNIFORM_VECTORS 1024
7 #define CC_EFFECT_USED_VERTEX_UNIFORM_VECTORS 128
8 #define CC_EFFECT_USED_FRAGMENT_UNIFORM_VECTORS 128
9 #define CC_DEVICE_CAN_BENEFIT_FROM_INPUT_ATTACHMENT 0
10 #define CC_PLATFORM_ANDROID_AND_WEBGL 0
11 #define CC_ENABLE_WEBGL_HIGHP_STRUCT_VALUES 0
12 #define USE_PIXEL_ALIGNMENT 1
13 #define CC_USE_EMBEDDED_ALPHA 1
14 #define USE_ALPHA_TEST 1
15 #define USE_TEXTURE 1
16 #define IS_GRAY 1
17 
18 precision highp float;
19 uniform highp mat4 cc_matView;
20   uniform highp mat4 cc_matProj;
21   uniform highp mat4 cc_matViewProj;
22   uniform highp vec4 cc_cameraPos;
23 
24 
25 #if USE_LOCAL
26   uniform highp mat4 cc_matWorld;
27 
28   
29 #endif
30 #if SAMPLE_FROM_RT
31   
32   #define QUATER_PI         0.78539816340
33   #define HALF_PI           1.57079632679
34   #define PI                3.14159265359
35   #define PI2               6.28318530718
36   #define PI4               12.5663706144
37   
38   #define INV_QUATER_PI     1.27323954474
39   #define INV_HALF_PI       0.63661977237
40   #define INV_PI            0.31830988618
41   #define INV_PI2           0.15915494309
42   #define INV_PI4           0.07957747155
43   
44   #define EPSILON           1e-6
45   #define EPSILON_LOWP      1e-4
46   #define LOG2              1.442695
47   #define EXP_VALUE         2.71828183
48   #define FP_MAX            65504.0
49   #define FP_SCALE          0.0009765625
50   #define FP_SCALE_INV      1024.0
51   #define GRAY_VECTOR       vec3(0.299, 0.587, 0.114)
52       #define LIGHT_MAP_TYPE_DISABLED 0
53   #define LIGHT_MAP_TYPE_ALL_IN_ONE 1
54   #define LIGHT_MAP_TYPE_INDIRECT_OCCLUSION 2
55   #define REFLECTION_PROBE_TYPE_NONE 0
56   #define REFLECTION_PROBE_TYPE_CUBE 1
57   #define REFLECTION_PROBE_TYPE_PLANAR 2
58   #define REFLECTION_PROBE_TYPE_BLEND 3
59   #define REFLECTION_PROBE_TYPE_BLEND_AND_SKYBOX 4
60       #define LIGHT_TYPE_DIRECTIONAL 0.0
61   #define LIGHT_TYPE_SPHERE 1.0
62   #define LIGHT_TYPE_SPOT 2.0
63   #define LIGHT_TYPE_POINT 3.0
64   #define LIGHT_TYPE_RANGED_DIRECTIONAL 4.0
65   
66   #define IS_DIRECTIONAL_LIGHT(light_type) (abs(float(light_type) - float(LIGHT_TYPE_DIRECTIONAL)) < EPSILON_LOWP)
67   #define IS_SPHERE_LIGHT(light_type) (abs(float(light_type) - float(LIGHT_TYPE_SPHERE)) < EPSILON_LOWP)
68   #define IS_SPOT_LIGHT(light_type) (abs(float(light_type) - float(LIGHT_TYPE_SPOT)) < EPSILON_LOWP)
69   #define IS_POINT_LIGHT(light_type) (abs(float(light_type) - float(LIGHT_TYPE_POINT)) < EPSILON_LOWP)
70   #define IS_RANGED_DIRECTIONAL_LIGHT(light_type) (abs(float(light_type) - float(LIGHT_TYPE_RANGED_DIRECTIONAL)) < EPSILON_LOWP)
71   #define TONE_MAPPING_ACES 0
72   #define TONE_MAPPING_LINEAR 1
73   #define SURFACES_MAX_TRANSMIT_DEPTH_VALUE 999999.0
74   #ifndef CC_SURFACES_DEBUG_VIEW_SINGLE
75     #define CC_SURFACES_DEBUG_VIEW_SINGLE 1
76   #endif
77   #ifndef CC_SURFACES_DEBUG_VIEW_COMPOSITE_AND_MISC
78     #define CC_SURFACES_DEBUG_VIEW_COMPOSITE_AND_MISC 2
79   #endif
80   
81 #endif
82 attribute vec3 a_position;
83 attribute vec2 a_texCoord;
84 attribute vec4 a_color;
85 
86 varying vec4 color;
87 varying vec2 uv0;
88 varying vec3 position;
89 gl_PointSize = 10;
90 
91 vec4 vert () {
92   vec4 pos = vec4(a_position, 1);
93 
94   #if USE_LOCAL
95     pos = cc_matWorld * pos;
96   #endif
97 
98   #if USE_PIXEL_ALIGNMENT
99     pos = cc_matView * pos;
100     pos.xyz = floor(pos.xyz);
101     pos = cc_matProj * pos;
102   #else
103     pos = cc_matViewProj * pos;
104   #endif
105 
106   uv0 = a_texCoord;
107   #if SAMPLE_FROM_RT
108     uv0 = cc_cameraPos.w > 1.0 ? vec2(uv0.x, 1.0 - uv0.y) : uv0;
109   #endif
110   color = a_color;
111 
112   return pos;
113 }
114 
115 void main() { gl_Position = vert(); }
116 [Assets] builtin-sprite-chip.effect - sprite-vs:vert: Error EFX2406: compilation failed: ↓↓↓↓↓ EXPAND THIS MESSAGE FOR MORE INFO ↓↓↓↓↓
ERROR: 0:89: 'gl_PointSize' : syntax error
 

1 #version 100
2 #define USE_LOCAL 1
3 #define SAMPLE_FROM_RT 1
4 #define CC_DEVICE_SUPPORT_FLOAT_TEXTURE 1
5 #define CC_DEVICE_MAX_FRAGMENT_UNIFORM_VECTORS 1024
6 #define CC_DEVICE_MAX_VERTEX_UNIFORM_VECTORS 1024
7 #define CC_EFFECT_USED_VERTEX_UNIFORM_VECTORS 128
8 #define CC_EFFECT_USED_FRAGMENT_UNIFORM_VECTORS 128
9 #define CC_DEVICE_CAN_BENEFIT_FROM_INPUT_ATTACHMENT 0
10 #define CC_PLATFORM_ANDROID_AND_WEBGL 0
11 #define CC_ENABLE_WEBGL_HIGHP_STRUCT_VALUES 0
12 #define USE_PIXEL_ALIGNMENT 1
13 #define CC_USE_EMBEDDED_ALPHA 1
14 #define USE_ALPHA_TEST 1
15 #define USE_TEXTURE 1
16 #define IS_GRAY 1
17 
18 precision highp float;
19 uniform highp mat4 cc_matView;
20   uniform highp mat4 cc_matProj;
21   uniform highp mat4 cc_matViewProj;
22   uniform highp vec4 cc_cameraPos;
23 
24 
25 #if USE_LOCAL
26   uniform highp mat4 cc_matWorld;
27 
28   
29 #endif
30 #if SAMPLE_FROM_RT
31   
32   #define QUATER_PI         0.78539816340
33   #define HALF_PI           1.57079632679
34   #define PI                3.14159265359
35   #define PI2               6.28318530718
36   #define PI4               12.5663706144
37   
38   #define INV_QUATER_PI     1.27323954474
39   #define INV_HALF_PI       0.63661977237
40   #define INV_PI            0.31830988618
41   #define INV_PI2           0.15915494309
42   #define INV_PI4           0.07957747155
43   
44   #define EPSILON           1e-6
45   #define EPSILON_LOWP      1e-4
46   #define LOG2              1.442695
47   #define EXP_VALUE         2.71828183
48   #define FP_MAX            65504.0
49   #define FP_SCALE          0.0009765625
50   #define FP_SCALE_INV      1024.0
51   #define GRAY_VECTOR       vec3(0.299, 0.587, 0.114)
52       #define LIGHT_MAP_TYPE_DISABLED 0
53   #define LIGHT_MAP_TYPE_ALL_IN_ONE 1
54   #define LIGHT_MAP_TYPE_INDIRECT_OCCLUSION 2
55   #define REFLECTION_PROBE_TYPE_NONE 0
56   #define REFLECTION_PROBE_TYPE_CUBE 1
57   #define REFLECTION_PROBE_TYPE_PLANAR 2
58   #define REFLECTION_PROBE_TYPE_BLEND 3
59   #define REFLECTION_PROBE_TYPE_BLEND_AND_SKYBOX 4
60       #define LIGHT_TYPE_DIRECTIONAL 0.0
61   #define LIGHT_TYPE_SPHERE 1.0
62   #define LIGHT_TYPE_SPOT 2.0
63   #define LIGHT_TYPE_POINT 3.0
64   #define LIGHT_TYPE_RANGED_DIRECTIONAL 4.0
65   
66   #define IS_DIRECTIONAL_LIGHT(light_type) (abs(float(light_type) - float(LIGHT_TYPE_DIRECTIONAL)) < EPSILON_LOWP)
67   #define IS_SPHERE_LIGHT(light_type) (abs(float(light_type) - float(LIGHT_TYPE_SPHERE)) < EPSILON_LOWP)
68   #define IS_SPOT_LIGHT(light_type) (abs(float(light_type) - float(LIGHT_TYPE_SPOT)) < EPSILON_LOWP)
69   #define IS_POINT_LIGHT(light_type) (abs(float(light_type) - float(LIGHT_TYPE_POINT)) < EPSILON_LOWP)
70   #define IS_RANGED_DIRECTIONAL_LIGHT(light_type) (abs(float(light_type) - float(LIGHT_TYPE_RANGED_DIRECTIONAL)) < EPSILON_LOWP)
71   #define TONE_MAPPING_ACES 0
72   #define TONE_MAPPING_LINEAR 1
73   #define SURFACES_MAX_TRANSMIT_DEPTH_VALUE 999999.0
74   #ifndef CC_SURFACES_DEBUG_VIEW_SINGLE
75     #define CC_SURFACES_DEBUG_VIEW_SINGLE 1
76   #endif
77   #ifndef CC_SURFACES_DEBUG_VIEW_COMPOSITE_AND_MISC
78     #define CC_SURFACES_DEBUG_VIEW_COMPOSITE_AND_MISC 2
79   #endif
80   
81 #endif
82 attribute vec3 a_position;
83 attribute vec2 a_texCoord;
84 attribute vec4 a_color;
85 
86 varying vec4 color;
87 varying vec2 uv0;
88 varying vec3 position;
89 gl_PointSize = 10;
90 
91 vec4 vert () {
92   vec4 pos = vec4(a_position, 1);
93 
94   #if USE_LOCAL
95     pos = cc_matWorld * pos;
96   #endif
97 
98   #if USE_PIXEL_ALIGNMENT
99     pos = cc_matView * pos;
100     pos.xyz = floor(pos.xyz);
101     pos = cc_matProj * pos;
102   #else
103     pos = cc_matViewProj * pos;
104   #endif
105 
106   uv0 = a_texCoord;
107   #if SAMPLE_FROM_RT
108     uv0 = cc_cameraPos.w > 1.0 ? vec2(uv0.x, 1.0 - uv0.y) : uv0;
109   #endif
110   color = a_color;
111 
112   return pos;
113 }
114 
115 void main() { gl_Position = vert(); }
116   
2 #define USE_LOCAL 1  
3 #define SAMPLE_FROM_RT 1  
4 #define CC_DEVICE_SUPPORT_FLOAT_TEXTURE 1  
5 #define CC_DEVICE_MAX_FRAGMENT_UNIFORM_VECTORS 1024  
6 #define CC_DEVICE_MAX_VERTEX_UNIFORM_VECTORS 1024  
7 #define CC_EFFECT_USED_VERTEX_UNIFORM_VECTORS 128  
8 #define CC_EFFECT_USED_FRAGMENT_UNIFORM_VECTORS 128  
9 #define CC_DEVICE_CAN_BENEFIT_FROM_INPUT_ATTACHMENT 0  
10 #define CC_PLATFORM_ANDROID_AND_WEBGL 0  
11 #define CC_ENABLE_WEBGL_HIGHP_STRUCT_VALUES 0  
12 #define USE_PIXEL_ALIGNMENT 1  
13 #define CC_USE_EMBEDDED_ALPHA 1  
14 #define USE_ALPHA_TEST 1  
15 #define USE_TEXTURE 1  
16 #define IS_GRAY 1  
17  
18 precision highp float;  
19 uniform highp mat4 cc_matView;  
20   uniform highp mat4 cc_matProj;  
21   uniform highp mat4 cc_matViewProj;  
22   uniform highp vec4 cc_cameraPos;  
23  
24  
25 #if USE_LOCAL  
26   uniform highp mat4 cc_matWorld;  
27  
28  
29 #endif  
30 #if SAMPLE_FROM_RT  
31  
32   #define QUATER_PI         0.78539816340  
33   #define HALF_PI           1.57079632679  
34   #define PI                3.14159265359  
35   #define PI2               6.28318530718  
36   #define PI4               12.5663706144  
37  
38   #define INV_QUATER_PI     1.27323954474  
39   #define INV_HALF_PI       0.63661977237  
40   #define INV_PI            0.31830988618  
41   #define INV_PI2           0.15915494309  
42   #define INV_PI4           0.07957747155  
43  
44   #define EPSILON           1e-6  
45   #define EPSILON_LOWP      1e-4  
46   #define LOG2              1.442695  
47   #define EXP_VALUE         2.71828183  
48   #define FP_MAX            65504.0  
49   #define FP_SCALE          0.0009765625  
50   #define FP_SCALE_INV      1024.0  
51   #define GRAY_VECTOR       vec3(0.299, 0.587, 0.114)  
52       #define LIGHT_MAP_TYPE_DISABLED 0  
53   #define LIGHT_MAP_TYPE_ALL_IN_ONE 1  
54   #define LIGHT_MAP_TYPE_INDIRECT_OCCLUSION 2  
55   #define REFLECTION_PROBE_TYPE_NONE 0  
56   #define REFLECTION_PROBE_TYPE_CUBE 1  
57   #define REFLECTION_PROBE_TYPE_PLANAR 2  
58   #define REFLECTION_PROBE_TYPE_BLEND 3  
59   #define REFLECTION_PROBE_TYPE_BLEND_AND_SKYBOX 4  
60       #define LIGHT_TYPE_DIRECTIONAL 0.0  
61   #define LIGHT_TYPE_SPHERE 1.0  
62   #define LIGHT_TYPE_SPOT 2.0  
63   #define LIGHT_TYPE_POINT 3.0  
64   #define LIGHT_TYPE_RANGED_DIRECTIONAL 4.0  
65  
66   #define IS_DIRECTIONAL_LIGHT(light_type) (abs(float(light_type) - float(LIGHT_TYPE_DIRECTIONAL)) < EPSILON_LOWP)  
67   #define IS_SPHERE_LIGHT(light_type) (abs(float(light_type) - float(LIGHT_TYPE_SPHERE)) < EPSILON_LOWP)  
68   #define IS_SPOT_LIGHT(light_type) (abs(float(light_type) - float(LIGHT_TYPE_SPOT)) < EPSILON_LOWP)  
69   #define IS_POINT_LIGHT(light_type) (abs(float(light_type) - float(LIGHT_TYPE_POINT)) < EPSILON_LOWP)  
70   #define IS_RANGED_DIRECTIONAL_LIGHT(light_type) (abs(float(light_type) - float(LIGHT_TYPE_RANGED_DIRECTIONAL)) < EPSILON_LOWP)  
71   #define TONE_MAPPING_ACES 0  
72   #define TONE_MAPPING_LINEAR 1  
73   #define SURFACES_MAX_TRANSMIT_DEPTH_VALUE 999999.0  
74   #ifndef CC_SURFACES_DEBUG_VIEW_SINGLE  
75     #define CC_SURFACES_DEBUG_VIEW_SINGLE 1  
76   #endif  
77   #ifndef CC_SURFACES_DEBUG_VIEW_COMPOSITE_AND_MISC  
78     #define CC_SURFACES_DEBUG_VIEW_COMPOSITE_AND_MISC 2  
79   #endif  
80  
81 #endif  
82 attribute vec3 a_position;  
83 attribute vec2 a_texCoord;  
84 attribute vec4 a_color;  
85  
86 varying vec4 color;  
87 varying vec2 uv0;  
88 varying vec3 position;  
89 gl_PointSize = 10;  
90  
91 vec4 vert () {  
92   vec4 pos = vec4(a_position, 1);  
93  
94   #if USE_LOCAL  
95     pos = cc_matWorld * pos;  
96   #endif  
97  
98   #if USE_PIXEL_ALIGNMENT  
99     pos = cc_matView * pos;  
100     pos.xyz = floor(pos.xyz);  
101     pos = cc_matProj * pos;  
102   #else  
103     pos = cc_matViewProj * pos;  
104   #endif  
105  
106   uv0 = a_texCoord;  
107   #if SAMPLE_FROM_RT  
108     uv0 = cc_cameraPos.w > 1.0 ? vec2(uv0.x, 1.0 - uv0.y) : uv0;  
109   #endif  
110   color = a_color;  
111  
112   return pos;  
113 }  
114  
115 void main() { gl_Position = vert(); }  
116  
at Object.encode (D:\code_software\cocoscreator\editors\Creator\3.8.3\resources\app.asar\node_modules\@base\electron-worker\node_modules\v-stacks\index.js:14:17)  
at Logger._logHandler (D:\code_software\cocoscreator\editors\Creator\3.8.3\resources\app.asar\node_modules\@base\electron-worker\static\script.ccc:1:531)  
at Logger.record (D:\code_software\cocoscreator\editors\Creator\3.8.3\resources\app.asar\node_modules\@base\electron-logger\lib\renderer.ccc:1:458)  
at Object.error (D:\code_software\cocoscreator\editors\Creator\3.8.3\resources\app.asar\node_modules\@base\electron-logger\lib\renderer.ccc:1:1414)  
at Object.error (D:\code_software\cocoscreator\editors\Creator\3.8.3\resources\app.asar\builtin\asset-db\dist\worker\console.ccc:1:1409)  
at import (D:\code_software\cocoscreator\editors\Creator\3.8.3\resources\app.asar\modules\engine-extensions\extensions\engine-extends\dist\handler\assets\effect.ccc:1:5904)  
at CustomImporter.import (D:\code_software\cocoscreator\editors\Creator\3.8.3\resources\app.asar\builtin\asset-db\dist\worker\manager\asset-handler-manager.ccc:1:1206)
2025-1-8 15:53:55 - warn: [Scene] EffectAsset builtin-standard.effect c8f66d17-351a-48da-a12c-0212d28575c4 not foundError: [Scene] EffectAsset builtin-standard.effect c8f66d17-351a-48da-a12c-0212d28575c4 not found
    at MaterialAsset.queryAllEffects (D:\code_software\cocoscreator\editors\Creator\3.8.3\resources\app.asar\builtin\scene\dist\script\3d\manager\asset\material.ccc:1:4114)
2025-1-8 15:54:09 - error: [Assets] builtin-sprite-chip.effect - sprite-vs:vert: Error EFX2406: compilation failed: ↓↓↓↓↓ EXPAND THIS MESSAGE FOR MORE INFO ↓↓↓↓↓
ERROR: 0:89: 'gl_PointSize' : syntax error
 

1 #version 100
2 #define USE_LOCAL 1
3 #define SAMPLE_FROM_RT 1
4 #define CC_DEVICE_SUPPORT_FLOAT_TEXTURE 1
5 #define CC_DEVICE_MAX_FRAGMENT_UNIFORM_VECTORS 1024
6 #define CC_DEVICE_MAX_VERTEX_UNIFORM_VECTORS 1024
7 #define CC_EFFECT_USED_VERTEX_UNIFORM_VECTORS 128
8 #define CC_EFFECT_USED_FRAGMENT_UNIFORM_VECTORS 128
9 #define CC_DEVICE_CAN_BENEFIT_FROM_INPUT_ATTACHMENT 0
10 #define CC_PLATFORM_ANDROID_AND_WEBGL 0
11 #define CC_ENABLE_WEBGL_HIGHP_STRUCT_VALUES 0
12 #define USE_PIXEL_ALIGNMENT 1
13 #define CC_USE_EMBEDDED_ALPHA 1
14 #define USE_ALPHA_TEST 1
15 #define USE_TEXTURE 1
16 #define IS_GRAY 1
17 
18 precision highp float;
19 uniform highp mat4 cc_matView;
20   uniform highp mat4 cc_matProj;
21   uniform highp mat4 cc_matViewProj;
22   uniform highp vec4 cc_cameraPos;
23 
24 
25 #if USE_LOCAL
26   uniform highp mat4 cc_matWorld;
27 
28   
29 #endif
30 #if SAMPLE_FROM_RT
31   
32   #define QUATER_PI         0.78539816340
33   #define HALF_PI           1.57079632679
34   #define PI                3.14159265359
35   #define PI2               6.28318530718
36   #define PI4               12.5663706144
37   
38   #define INV_QUATER_PI     1.27323954474
39   #define INV_HALF_PI       0.63661977237
40   #define INV_PI            0.31830988618
41   #define INV_PI2           0.15915494309
42   #define INV_PI4           0.07957747155
43   
44   #define EPSILON           1e-6
45   #define EPSILON_LOWP      1e-4
46   #define LOG2              1.442695
47   #define EXP_VALUE         2.71828183
48   #define FP_MAX            65504.0
49   #define FP_SCALE          0.0009765625
50   #define FP_SCALE_INV      1024.0
51   #define GRAY_VECTOR       vec3(0.299, 0.587, 0.114)
52       #define LIGHT_MAP_TYPE_DISABLED 0
53   #define LIGHT_MAP_TYPE_ALL_IN_ONE 1
54   #define LIGHT_MAP_TYPE_INDIRECT_OCCLUSION 2
55   #define REFLECTION_PROBE_TYPE_NONE 0
56   #define REFLECTION_PROBE_TYPE_CUBE 1
57   #define REFLECTION_PROBE_TYPE_PLANAR 2
58   #define REFLECTION_PROBE_TYPE_BLEND 3
59   #define REFLECTION_PROBE_TYPE_BLEND_AND_SKYBOX 4
60       #define LIGHT_TYPE_DIRECTIONAL 0.0
61   #define LIGHT_TYPE_SPHERE 1.0
62   #define LIGHT_TYPE_SPOT 2.0
63   #define LIGHT_TYPE_POINT 3.0
64   #define LIGHT_TYPE_RANGED_DIRECTIONAL 4.0
65   
66   #define IS_DIRECTIONAL_LIGHT(light_type) (abs(float(light_type) - float(LIGHT_TYPE_DIRECTIONAL)) < EPSILON_LOWP)
67   #define IS_SPHERE_LIGHT(light_type) (abs(float(light_type) - float(LIGHT_TYPE_SPHERE)) < EPSILON_LOWP)
68   #define IS_SPOT_LIGHT(light_type) (abs(float(light_type) - float(LIGHT_TYPE_SPOT)) < EPSILON_LOWP)
69   #define IS_POINT_LIGHT(light_type) (abs(float(light_type) - float(LIGHT_TYPE_POINT)) < EPSILON_LOWP)
70   #define IS_RANGED_DIRECTIONAL_LIGHT(light_type) (abs(float(light_type) - float(LIGHT_TYPE_RANGED_DIRECTIONAL)) < EPSILON_LOWP)
71   #define TONE_MAPPING_ACES 0
72   #define TONE_MAPPING_LINEAR 1
73   #define SURFACES_MAX_TRANSMIT_DEPTH_VALUE 999999.0
74   #ifndef CC_SURFACES_DEBUG_VIEW_SINGLE
75     #define CC_SURFACES_DEBUG_VIEW_SINGLE 1
76   #endif
77   #ifndef CC_SURFACES_DEBUG_VIEW_COMPOSITE_AND_MISC
78     #define CC_SURFACES_DEBUG_VIEW_COMPOSITE_AND_MISC 2
79   #endif
80   
81 #endif
82 attribute vec3 a_position;
83 attribute vec2 a_texCoord;
84 attribute vec4 a_color;
85 
86 varying vec4 color;
87 varying vec2 uv0;
88 varying vec3 position;
89 gl_PointSize = 10.0;
90 
91 vec4 vert () {
92   vec4 pos = vec4(a_position, 1);
93 
94   #if USE_LOCAL
95     pos = cc_matWorld * pos;
96   #endif
97 
98   #if USE_PIXEL_ALIGNMENT
99     pos = cc_matView * pos;
100     pos.xyz = floor(pos.xyz);
101     pos = cc_matProj * pos;
102   #else
103     pos = cc_matViewProj * pos;
104   #endif
105 
106   uv0 = a_texCoord;
107   #if SAMPLE_FROM_RT
108     uv0 = cc_cameraPos.w > 1.0 ? vec2(uv0.x, 1.0 - uv0.y) : uv0;
109   #endif
110   color = a_color;
111 
112   return pos;
113 }
114 
115 void main() { gl_Position = vert(); }
116 [Assets] builtin-sprite-chip.effect - sprite-vs:vert: Error EFX2406: compilation failed: ↓↓↓↓↓ EXPAND THIS MESSAGE FOR MORE INFO ↓↓↓↓↓
ERROR: 0:89: 'gl_PointSize' : syntax error
 

1 #version 100
2 #define USE_LOCAL 1
3 #define SAMPLE_FROM_RT 1
4 #define CC_DEVICE_SUPPORT_FLOAT_TEXTURE 1
5 #define CC_DEVICE_MAX_FRAGMENT_UNIFORM_VECTORS 1024
6 #define CC_DEVICE_MAX_VERTEX_UNIFORM_VECTORS 1024
7 #define CC_EFFECT_USED_VERTEX_UNIFORM_VECTORS 128
8 #define CC_EFFECT_USED_FRAGMENT_UNIFORM_VECTORS 128
9 #define CC_DEVICE_CAN_BENEFIT_FROM_INPUT_ATTACHMENT 0
10 #define CC_PLATFORM_ANDROID_AND_WEBGL 0
11 #define CC_ENABLE_WEBGL_HIGHP_STRUCT_VALUES 0
12 #define USE_PIXEL_ALIGNMENT 1
13 #define CC_USE_EMBEDDED_ALPHA 1
14 #define USE_ALPHA_TEST 1
15 #define USE_TEXTURE 1
16 #define IS_GRAY 1
17 
18 precision highp float;
19 uniform highp mat4 cc_matView;
20   uniform highp mat4 cc_matProj;
21   uniform highp mat4 cc_matViewProj;
22   uniform highp vec4 cc_cameraPos;
23 
24 
25 #if USE_LOCAL
26   uniform highp mat4 cc_matWorld;
27 
28   
29 #endif
30 #if SAMPLE_FROM_RT
31   
32   #define QUATER_PI         0.78539816340
33   #define HALF_PI           1.57079632679
34   #define PI                3.14159265359
35   #define PI2               6.28318530718
36   #define PI4               12.5663706144
37   
38   #define INV_QUATER_PI     1.27323954474
39   #define INV_HALF_PI       0.63661977237
40   #define INV_PI            0.31830988618
41   #define INV_PI2           0.15915494309
42   #define INV_PI4           0.07957747155
43   
44   #define EPSILON           1e-6
45   #define EPSILON_LOWP      1e-4
46   #define LOG2              1.442695
47   #define EXP_VALUE         2.71828183
48   #define FP_MAX            65504.0
49   #define FP_SCALE          0.0009765625
50   #define FP_SCALE_INV      1024.0
51   #define GRAY_VECTOR       vec3(0.299, 0.587, 0.114)
52       #define LIGHT_MAP_TYPE_DISABLED 0
53   #define LIGHT_MAP_TYPE_ALL_IN_ONE 1
54   #define LIGHT_MAP_TYPE_INDIRECT_OCCLUSION 2
55   #define REFLECTION_PROBE_TYPE_NONE 0
56   #define REFLECTION_PROBE_TYPE_CUBE 1
57   #define REFLECTION_PROBE_TYPE_PLANAR 2
58   #define REFLECTION_PROBE_TYPE_BLEND 3
59   #define REFLECTION_PROBE_TYPE_BLEND_AND_SKYBOX 4
60       #define LIGHT_TYPE_DIRECTIONAL 0.0
61   #define LIGHT_TYPE_SPHERE 1.0
62   #define LIGHT_TYPE_SPOT 2.0
63   #define LIGHT_TYPE_POINT 3.0
64   #define LIGHT_TYPE_RANGED_DIRECTIONAL 4.0
65   
66   #define IS_DIRECTIONAL_LIGHT(light_type) (abs(float(light_type) - float(LIGHT_TYPE_DIRECTIONAL)) < EPSILON_LOWP)
67   #define IS_SPHERE_LIGHT(light_type) (abs(float(light_type) - float(LIGHT_TYPE_SPHERE)) < EPSILON_LOWP)
68   #define IS_SPOT_LIGHT(light_type) (abs(float(light_type) - float(LIGHT_TYPE_SPOT)) < EPSILON_LOWP)
69   #define IS_POINT_LIGHT(light_type) (abs(float(light_type) - float(LIGHT_TYPE_POINT)) < EPSILON_LOWP)
70   #define IS_RANGED_DIRECTIONAL_LIGHT(light_type) (abs(float(light_type) - float(LIGHT_TYPE_RANGED_DIRECTIONAL)) < EPSILON_LOWP)
71   #define TONE_MAPPING_ACES 0
72   #define TONE_MAPPING_LINEAR 1
73   #define SURFACES_MAX_TRANSMIT_DEPTH_VALUE 999999.0
74   #ifndef CC_SURFACES_DEBUG_VIEW_SINGLE
75     #define CC_SURFACES_DEBUG_VIEW_SINGLE 1
76   #endif
77   #ifndef CC_SURFACES_DEBUG_VIEW_COMPOSITE_AND_MISC
78     #define CC_SURFACES_DEBUG_VIEW_COMPOSITE_AND_MISC 2
79   #endif
80   
81 #endif
82 attribute vec3 a_position;
83 attribute vec2 a_texCoord;
84 attribute vec4 a_color;
85 
86 varying vec4 color;
87 varying vec2 uv0;
88 varying vec3 position;
89 gl_PointSize = 10.0;
90 
91 vec4 vert () {
92   vec4 pos = vec4(a_position, 1);
93 
94   #if USE_LOCAL
95     pos = cc_matWorld * pos;
96   #endif
97 
98   #if USE_PIXEL_ALIGNMENT
99     pos = cc_matView * pos;
100     pos.xyz = floor(pos.xyz);
101     pos = cc_matProj * pos;
102   #else
103     pos = cc_matViewProj * pos;
104   #endif
105 
106   uv0 = a_texCoord;
107   #if SAMPLE_FROM_RT
108     uv0 = cc_cameraPos.w > 1.0 ? vec2(uv0.x, 1.0 - uv0.y) : uv0;
109   #endif
110   color = a_color;
111 
112   return pos;
113 }
114 
115 void main() { gl_Position = vert(); }
116   
2 #define USE_LOCAL 1  
3 #define SAMPLE_FROM_RT 1  
4 #define CC_DEVICE_SUPPORT_FLOAT_TEXTURE 1  
5 #define CC_DEVICE_MAX_FRAGMENT_UNIFORM_VECTORS 1024  
6 #define CC_DEVICE_MAX_VERTEX_UNIFORM_VECTORS 1024  
7 #define CC_EFFECT_USED_VERTEX_UNIFORM_VECTORS 128  
8 #define CC_EFFECT_USED_FRAGMENT_UNIFORM_VECTORS 128  
9 #define CC_DEVICE_CAN_BENEFIT_FROM_INPUT_ATTACHMENT 0  
10 #define CC_PLATFORM_ANDROID_AND_WEBGL 0  
11 #define CC_ENABLE_WEBGL_HIGHP_STRUCT_VALUES 0  
12 #define USE_PIXEL_ALIGNMENT 1  
13 #define CC_USE_EMBEDDED_ALPHA 1  
14 #define USE_ALPHA_TEST 1  
15 #define USE_TEXTURE 1  
16 #define IS_GRAY 1  
17  
18 precision highp float;  
19 uniform highp mat4 cc_matView;  
20   uniform highp mat4 cc_matProj;  
21   uniform highp mat4 cc_matViewProj;  
22   uniform highp vec4 cc_cameraPos;  
23  
24  
25 #if USE_LOCAL  
26   uniform highp mat4 cc_matWorld;  
27  
28  
29 #endif  
30 #if SAMPLE_FROM_RT  
31  
32   #define QUATER_PI         0.78539816340  
33   #define HALF_PI           1.57079632679  
34   #define PI                3.14159265359  
35   #define PI2               6.28318530718  
36   #define PI4               12.5663706144  
37  
38   #define INV_QUATER_PI     1.27323954474  
39   #define INV_HALF_PI       0.63661977237  
40   #define INV_PI            0.31830988618  
41   #define INV_PI2           0.15915494309  
42   #define INV_PI4           0.07957747155  
43  
44   #define EPSILON           1e-6  
45   #define EPSILON_LOWP      1e-4  
46   #define LOG2              1.442695  
47   #define EXP_VALUE         2.71828183  
48   #define FP_MAX            65504.0  
49   #define FP_SCALE          0.0009765625  
50   #define FP_SCALE_INV      1024.0  
51   #define GRAY_VECTOR       vec3(0.299, 0.587, 0.114)  
52       #define LIGHT_MAP_TYPE_DISABLED 0  
53   #define LIGHT_MAP_TYPE_ALL_IN_ONE 1  
54   #define LIGHT_MAP_TYPE_INDIRECT_OCCLUSION 2  
55   #define REFLECTION_PROBE_TYPE_NONE 0  
56   #define REFLECTION_PROBE_TYPE_CUBE 1  
57   #define REFLECTION_PROBE_TYPE_PLANAR 2  
58   #define REFLECTION_PROBE_TYPE_BLEND 3  
59   #define REFLECTION_PROBE_TYPE_BLEND_AND_SKYBOX 4  
60       #define LIGHT_TYPE_DIRECTIONAL 0.0  
61   #define LIGHT_TYPE_SPHERE 1.0  
62   #define LIGHT_TYPE_SPOT 2.0  
63   #define LIGHT_TYPE_POINT 3.0  
64   #define LIGHT_TYPE_RANGED_DIRECTIONAL 4.0  
65  
66   #define IS_DIRECTIONAL_LIGHT(light_type) (abs(float(light_type) - float(LIGHT_TYPE_DIRECTIONAL)) < EPSILON_LOWP)  
67   #define IS_SPHERE_LIGHT(light_type) (abs(float(light_type) - float(LIGHT_TYPE_SPHERE)) < EPSILON_LOWP)  
68   #define IS_SPOT_LIGHT(light_type) (abs(float(light_type) - float(LIGHT_TYPE_SPOT)) < EPSILON_LOWP)  
69   #define IS_POINT_LIGHT(light_type) (abs(float(light_type) - float(LIGHT_TYPE_POINT)) < EPSILON_LOWP)  
70   #define IS_RANGED_DIRECTIONAL_LIGHT(light_type) (abs(float(light_type) - float(LIGHT_TYPE_RANGED_DIRECTIONAL)) < EPSILON_LOWP)  
71   #define TONE_MAPPING_ACES 0  
72   #define TONE_MAPPING_LINEAR 1  
73   #define SURFACES_MAX_TRANSMIT_DEPTH_VALUE 999999.0  
74   #ifndef CC_SURFACES_DEBUG_VIEW_SINGLE  
75     #define CC_SURFACES_DEBUG_VIEW_SINGLE 1  
76   #endif  
77   #ifndef CC_SURFACES_DEBUG_VIEW_COMPOSITE_AND_MISC  
78     #define CC_SURFACES_DEBUG_VIEW_COMPOSITE_AND_MISC 2  
79   #endif  
80  
81 #endif  
82 attribute vec3 a_position;  
83 attribute vec2 a_texCoord;  
84 attribute vec4 a_color;  
85  
86 varying vec4 color;  
87 varying vec2 uv0;  
88 varying vec3 position;  
89 gl_PointSize = 10.0;  
90  
91 vec4 vert () {  
92   vec4 pos = vec4(a_position, 1);  
93  
94   #if USE_LOCAL  
95     pos = cc_matWorld * pos;  
96   #endif  
97  
98   #if USE_PIXEL_ALIGNMENT  
99     pos = cc_matView * pos;  
100     pos.xyz = floor(pos.xyz);  
101     pos = cc_matProj * pos;  
102   #else  
103     pos = cc_matViewProj * pos;  
104   #endif  
105  
106   uv0 = a_texCoord;  
107   #if SAMPLE_FROM_RT  
108     uv0 = cc_cameraPos.w > 1.0 ? vec2(uv0.x, 1.0 - uv0.y) : uv0;  
109   #endif  
110   color = a_color;  
111  
112   return pos;  
113 }  
114  
115 void main() { gl_Position = vert(); }  
116  
at Object.encode (D:\code_software\cocoscreator\editors\Creator\3.8.3\resources\app.asar\node_modules\@base\electron-worker\node_modules\v-stacks\index.js:14:17)  
at Logger._logHandler (D:\code_software\cocoscreator\editors\Creator\3.8.3\resources\app.asar\node_modules\@base\electron-worker\static\script.ccc:1:531)  
at Logger.record (D:\code_software\cocoscreator\editors\Creator\3.8.3\resources\app.asar\node_modules\@base\electron-logger\lib\renderer.ccc:1:458)  
at Object.error (D:\code_software\cocoscreator\editors\Creator\3.8.3\resources\app.asar\node_modules\@base\electron-logger\lib\renderer.ccc:1:1414)  
at Object.error (D:\code_software\cocoscreator\editors\Creator\3.8.3\resources\app.asar\builtin\asset-db\dist\worker\console.ccc:1:1409)  
at import (D:\code_software\cocoscreator\editors\Creator\3.8.3\resources\app.asar\modules\engine-extensions\extensions\engine-extends\dist\handler\assets\effect.ccc:1:5904)  
at runMicrotasks (<anonymous>)  
at runNextTicks (internal/process/task_queues.js:58:5)  
at processImmediate (internal/timers.js:434:9)  
at CustomImporter.import (D:\code_software\cocoscreator\editors\Creator\3.8.3\resources\app.asar\builtin\asset-db\dist\worker\manager\asset-handler-manager.ccc:1:1206)
2025-1-8 15:54:09 - warn: [Scene] EffectAsset builtin-standard.effect c8f66d17-351a-48da-a12c-0212d28575c4 not foundError: [Scene] EffectAsset builtin-standard.effect c8f66d17-351a-48da-a12c-0212d28575c4 not found
    at MaterialAsset.queryAllEffects (D:\code_software\cocoscreator\editors\Creator\3.8.3\resources\app.asar\builtin\scene\dist\script\3d\manager\asset\material.ccc:1:4114)
2025-1-8 15:54:17 - error: [Assets] builtin-sprite-chip.effect - sprite-vs:vert: Error EFX2406: compilation failed: ↓↓↓↓↓ EXPAND THIS MESSAGE FOR MORE INFO ↓↓↓↓↓
ERROR: 0:89: 'gl_PointSize' : syntax error
 

1 #version 100
2 #define USE_LOCAL 1
3 #define SAMPLE_FROM_RT 1
4 #define CC_DEVICE_SUPPORT_FLOAT_TEXTURE 1
5 #define CC_DEVICE_MAX_FRAGMENT_UNIFORM_VECTORS 1024
6 #define CC_DEVICE_MAX_VERTEX_UNIFORM_VECTORS 1024
7 #define CC_EFFECT_USED_VERTEX_UNIFORM_VECTORS 128
8 #define CC_EFFECT_USED_FRAGMENT_UNIFORM_VECTORS 128
9 #define CC_DEVICE_CAN_BENEFIT_FROM_INPUT_ATTACHMENT 0
10 #define CC_PLATFORM_ANDROID_AND_WEBGL 0
11 #define CC_ENABLE_WEBGL_HIGHP_STRUCT_VALUES 0
12 #define USE_PIXEL_ALIGNMENT 1
13 #define CC_USE_EMBEDDED_ALPHA 1
14 #define USE_ALPHA_TEST 1
15 #define USE_TEXTURE 1
16 #define IS_GRAY 1
17 
18 precision highp float;
19 uniform highp mat4 cc_matView;
20   uniform highp mat4 cc_matProj;
21   uniform highp mat4 cc_matViewProj;
22   uniform highp vec4 cc_cameraPos;
23 
24 
25 #if USE_LOCAL
26   uniform highp mat4 cc_matWorld;
27 
28   
29 #endif
30 #if SAMPLE_FROM_RT
31   
32   #define QUATER_PI         0.78539816340
33   #define HALF_PI           1.57079632679
34   #define PI                3.14159265359
35   #define PI2               6.28318530718
36   #define PI4               12.5663706144
37   
38   #define INV_QUATER_PI     1.27323954474
39   #define INV_HALF_PI       0.63661977237
40   #define INV_PI            0.31830988618
41   #define INV_PI2           0.15915494309
42   #define INV_PI4           0.07957747155
43   
44   #define EPSILON           1e-6
45   #define EPSILON_LOWP      1e-4
46   #define LOG2              1.442695
47   #define EXP_VALUE         2.71828183
48   #define FP_MAX            65504.0
49   #define FP_SCALE          0.0009765625
50   #define FP_SCALE_INV      1024.0
51   #define GRAY_VECTOR       vec3(0.299, 0.587, 0.114)
52       #define LIGHT_MAP_TYPE_DISABLED 0
53   #define LIGHT_MAP_TYPE_ALL_IN_ONE 1
54   #define LIGHT_MAP_TYPE_INDIRECT_OCCLUSION 2
55   #define REFLECTION_PROBE_TYPE_NONE 0
56   #define REFLECTION_PROBE_TYPE_CUBE 1
57   #define REFLECTION_PROBE_TYPE_PLANAR 2
58   #define REFLECTION_PROBE_TYPE_BLEND 3
59   #define REFLECTION_PROBE_TYPE_BLEND_AND_SKYBOX 4
60       #define LIGHT_TYPE_DIRECTIONAL 0.0
61   #define LIGHT_TYPE_SPHERE 1.0
62   #define LIGHT_TYPE_SPOT 2.0
63   #define LIGHT_TYPE_POINT 3.0
64   #define LIGHT_TYPE_RANGED_DIRECTIONAL 4.0
65   
66   #define IS_DIRECTIONAL_LIGHT(light_type) (abs(float(light_type) - float(LIGHT_TYPE_DIRECTIONAL)) < EPSILON_LOWP)
67   #define IS_SPHERE_LIGHT(light_type) (abs(float(light_type) - float(LIGHT_TYPE_SPHERE)) < EPSILON_LOWP)
68   #define IS_SPOT_LIGHT(light_type) (abs(float(light_type) - float(LIGHT_TYPE_SPOT)) < EPSILON_LOWP)
69   #define IS_POINT_LIGHT(light_type) (abs(float(light_type) - float(LIGHT_TYPE_POINT)) < EPSILON_LOWP)
70   #define IS_RANGED_DIRECTIONAL_LIGHT(light_type) (abs(float(light_type) - float(LIGHT_TYPE_RANGED_DIRECTIONAL)) < EPSILON_LOWP)
71   #define TONE_MAPPING_ACES 0
72   #define TONE_MAPPING_LINEAR 1
73   #define SURFACES_MAX_TRANSMIT_DEPTH_VALUE 999999.0
74   #ifndef CC_SURFACES_DEBUG_VIEW_SINGLE
75     #define CC_SURFACES_DEBUG_VIEW_SINGLE 1
76   #endif
77   #ifndef CC_SURFACES_DEBUG_VIEW_COMPOSITE_AND_MISC
78     #define CC_SURFACES_DEBUG_VIEW_COMPOSITE_AND_MISC 2
79   #endif
80   
81 #endif
82 attribute vec3 a_position;
83 attribute vec2 a_texCoord;
84 attribute vec4 a_color;
85 
86 varying vec4 color;
87 varying vec2 uv0;
88 varying vec3 position;
89 gl_PointSize = 10.0;
90 
91 vec4 vert () {
92   vec4 pos = vec4(a_position, 1);
93 
94   #if USE_LOCAL
95     pos = cc_matWorld * pos;
96   #endif
97 
98   #if USE_PIXEL_ALIGNMENT
99     pos = cc_matView * pos;
100     pos.xyz = floor(pos.xyz);
101     pos = cc_matProj * pos;
102   #else
103     pos = cc_matViewProj * pos;
104   #endif
105 
106   uv0 = a_texCoord;
107   #if SAMPLE_FROM_RT
108     uv0 = cc_cameraPos.w > 1.0 ? vec2(uv0.x, 1.0 - uv0.y) : uv0;
109   #endif
110   color = a_color;
111 
112   return pos;
113 }
114 
115 void main() { gl_Position = vert(); }
116 [Assets] builtin-sprite-chip.effect - sprite-vs:vert: Error EFX2406: compilation failed: ↓↓↓↓↓ EXPAND THIS MESSAGE FOR MORE INFO ↓↓↓↓↓
ERROR: 0:89: 'gl_PointSize' : syntax error
 

1 #version 100
2 #define USE_LOCAL 1
3 #define SAMPLE_FROM_RT 1
4 #define CC_DEVICE_SUPPORT_FLOAT_TEXTURE 1
5 #define CC_DEVICE_MAX_FRAGMENT_UNIFORM_VECTORS 1024
6 #define CC_DEVICE_MAX_VERTEX_UNIFORM_VECTORS 1024
7 #define CC_EFFECT_USED_VERTEX_UNIFORM_VECTORS 128
8 #define CC_EFFECT_USED_FRAGMENT_UNIFORM_VECTORS 128
9 #define CC_DEVICE_CAN_BENEFIT_FROM_INPUT_ATTACHMENT 0
10 #define CC_PLATFORM_ANDROID_AND_WEBGL 0
11 #define CC_ENABLE_WEBGL_HIGHP_STRUCT_VALUES 0
12 #define USE_PIXEL_ALIGNMENT 1
13 #define CC_USE_EMBEDDED_ALPHA 1
14 #define USE_ALPHA_TEST 1
15 #define USE_TEXTURE 1
16 #define IS_GRAY 1
17 
18 precision highp float;
19 uniform highp mat4 cc_matView;
20   uniform highp mat4 cc_matProj;
21   uniform highp mat4 cc_matViewProj;
22   uniform highp vec4 cc_cameraPos;
23 
24 
25 #if USE_LOCAL
26   uniform highp mat4 cc_matWorld;
27 
28   
29 #endif
30 #if SAMPLE_FROM_RT
31   
32   #define QUATER_PI         0.78539816340
33   #define HALF_PI           1.57079632679
34   #define PI                3.14159265359
35   #define PI2               6.28318530718
36   #define PI4               12.5663706144
37   
38   #define INV_QUATER_PI     1.27323954474
39   #define INV_HALF_PI       0.63661977237
40   #define INV_PI            0.31830988618
41   #define INV_PI2           0.15915494309
42   #define INV_PI4           0.07957747155
43   
44   #define EPSILON           1e-6
45   #define EPSILON_LOWP      1e-4
46   #define LOG2              1.442695
47   #define EXP_VALUE         2.71828183
48   #define FP_MAX            65504.0
49   #define FP_SCALE          0.0009765625
50   #define FP_SCALE_INV      1024.0
51   #define GRAY_VECTOR       vec3(0.299, 0.587, 0.114)
52       #define LIGHT_MAP_TYPE_DISABLED 0
53   #define LIGHT_MAP_TYPE_ALL_IN_ONE 1
54   #define LIGHT_MAP_TYPE_INDIRECT_OCCLUSION 2
55   #define REFLECTION_PROBE_TYPE_NONE 0
56   #define REFLECTION_PROBE_TYPE_CUBE 1
57   #define REFLECTION_PROBE_TYPE_PLANAR 2
58   #define REFLECTION_PROBE_TYPE_BLEND 3
59   #define REFLECTION_PROBE_TYPE_BLEND_AND_SKYBOX 4
60       #define LIGHT_TYPE_DIRECTIONAL 0.0
61   #define LIGHT_TYPE_SPHERE 1.0
62   #define LIGHT_TYPE_SPOT 2.0
63   #define LIGHT_TYPE_POINT 3.0
64   #define LIGHT_TYPE_RANGED_DIRECTIONAL 4.0
65   
66   #define IS_DIRECTIONAL_LIGHT(light_type) (abs(float(light_type) - float(LIGHT_TYPE_DIRECTIONAL)) < EPSILON_LOWP)
67   #define IS_SPHERE_LIGHT(light_type) (abs(float(light_type) - float(LIGHT_TYPE_SPHERE)) < EPSILON_LOWP)
68   #define IS_SPOT_LIGHT(light_type) (abs(float(light_type) - float(LIGHT_TYPE_SPOT)) < EPSILON_LOWP)
69   #define IS_POINT_LIGHT(light_type) (abs(float(light_type) - float(LIGHT_TYPE_POINT)) < EPSILON_LOWP)
70   #define IS_RANGED_DIRECTIONAL_LIGHT(light_type) (abs(float(light_type) - float(LIGHT_TYPE_RANGED_DIRECTIONAL)) < EPSILON_LOWP)
71   #define TONE_MAPPING_ACES 0
72   #define TONE_MAPPING_LINEAR 1
73   #define SURFACES_MAX_TRANSMIT_DEPTH_VALUE 999999.0
74   #ifndef CC_SURFACES_DEBUG_VIEW_SINGLE
75     #define CC_SURFACES_DEBUG_VIEW_SINGLE 1
76   #endif
77   #ifndef CC_SURFACES_DEBUG_VIEW_COMPOSITE_AND_MISC
78     #define CC_SURFACES_DEBUG_VIEW_COMPOSITE_AND_MISC 2
79   #endif
80   
81 #endif
82 attribute vec3 a_position;
83 attribute vec2 a_texCoord;
84 attribute vec4 a_color;
85 
86 varying vec4 color;
87 varying vec2 uv0;
88 varying vec3 position;
89 gl_PointSize = 10.0;
90 
91 vec4 vert () {
92   vec4 pos = vec4(a_position, 1);
93 
94   #if USE_LOCAL
95     pos = cc_matWorld * pos;
96   #endif
97 
98   #if USE_PIXEL_ALIGNMENT
99     pos = cc_matView * pos;
100     pos.xyz = floor(pos.xyz);
101     pos = cc_matProj * pos;
102   #else
103     pos = cc_matViewProj * pos;
104   #endif
105 
106   uv0 = a_texCoord;
107   #if SAMPLE_FROM_RT
108     uv0 = cc_cameraPos.w > 1.0 ? vec2(uv0.x, 1.0 - uv0.y) : uv0;
109   #endif
110   color = a_color;
111 
112   return pos;
113 }
114 
115 void main() { gl_Position = vert(); }
116   
2 #define USE_LOCAL 1  
3 #define SAMPLE_FROM_RT 1  
4 #define CC_DEVICE_SUPPORT_FLOAT_TEXTURE 1  
5 #define CC_DEVICE_MAX_FRAGMENT_UNIFORM_VECTORS 1024  
6 #define CC_DEVICE_MAX_VERTEX_UNIFORM_VECTORS 1024  
7 #define CC_EFFECT_USED_VERTEX_UNIFORM_VECTORS 128  
8 #define CC_EFFECT_USED_FRAGMENT_UNIFORM_VECTORS 128  
9 #define CC_DEVICE_CAN_BENEFIT_FROM_INPUT_ATTACHMENT 0  
10 #define CC_PLATFORM_ANDROID_AND_WEBGL 0  
11 #define CC_ENABLE_WEBGL_HIGHP_STRUCT_VALUES 0  
12 #define USE_PIXEL_ALIGNMENT 1  
13 #define CC_USE_EMBEDDED_ALPHA 1  
14 #define USE_ALPHA_TEST 1  
15 #define USE_TEXTURE 1  
16 #define IS_GRAY 1  
17  
18 precision highp float;  
19 uniform highp mat4 cc_matView;  
20   uniform highp mat4 cc_matProj;  
21   uniform highp mat4 cc_matViewProj;  
22   uniform highp vec4 cc_cameraPos;  
23  
24  
25 #if USE_LOCAL  
26   uniform highp mat4 cc_matWorld;  
27  
28  
29 #endif  
30 #if SAMPLE_FROM_RT  
31  
32   #define QUATER_PI         0.78539816340  
33   #define HALF_PI           1.57079632679  
34   #define PI                3.14159265359  
35   #define PI2               6.28318530718  
36   #define PI4               12.5663706144  
37  
38   #define INV_QUATER_PI     1.27323954474  
39   #define INV_HALF_PI       0.63661977237  
40   #define INV_PI            0.31830988618  
41   #define INV_PI2           0.15915494309  
42   #define INV_PI4           0.07957747155  
43  
44   #define EPSILON           1e-6  
45   #define EPSILON_LOWP      1e-4  
46   #define LOG2              1.442695  
47   #define EXP_VALUE         2.71828183  
48   #define FP_MAX            65504.0  
49   #define FP_SCALE          0.0009765625  
50   #define FP_SCALE_INV      1024.0  
51   #define GRAY_VECTOR       vec3(0.299, 0.587, 0.114)  
52       #define LIGHT_MAP_TYPE_DISABLED 0  
53   #define LIGHT_MAP_TYPE_ALL_IN_ONE 1  
54   #define LIGHT_MAP_TYPE_INDIRECT_OCCLUSION 2  
55   #define REFLECTION_PROBE_TYPE_NONE 0  
56   #define REFLECTION_PROBE_TYPE_CUBE 1  
57   #define REFLECTION_PROBE_TYPE_PLANAR 2  
58   #define REFLECTION_PROBE_TYPE_BLEND 3  
59   #define REFLECTION_PROBE_TYPE_BLEND_AND_SKYBOX 4  
60       #define LIGHT_TYPE_DIRECTIONAL 0.0  
61   #define LIGHT_TYPE_SPHERE 1.0  
62   #define LIGHT_TYPE_SPOT 2.0  
63   #define LIGHT_TYPE_POINT 3.0  
64   #define LIGHT_TYPE_RANGED_DIRECTIONAL 4.0  
65  
66   #define IS_DIRECTIONAL_LIGHT(light_type) (abs(float(light_type) - float(LIGHT_TYPE_DIRECTIONAL)) < EPSILON_LOWP)  
67   #define IS_SPHERE_LIGHT(light_type) (abs(float(light_type) - float(LIGHT_TYPE_SPHERE)) < EPSILON_LOWP)  
68   #define IS_SPOT_LIGHT(light_type) (abs(float(light_type) - float(LIGHT_TYPE_SPOT)) < EPSILON_LOWP)  
69   #define IS_POINT_LIGHT(light_type) (abs(float(light_type) - float(LIGHT_TYPE_POINT)) < EPSILON_LOWP)  
70   #define IS_RANGED_DIRECTIONAL_LIGHT(light_type) (abs(float(light_type) - float(LIGHT_TYPE_RANGED_DIRECTIONAL)) < EPSILON_LOWP)  
71   #define TONE_MAPPING_ACES 0  
72   #define TONE_MAPPING_LINEAR 1  
73   #define SURFACES_MAX_TRANSMIT_DEPTH_VALUE 999999.0  
74   #ifndef CC_SURFACES_DEBUG_VIEW_SINGLE  
75     #define CC_SURFACES_DEBUG_VIEW_SINGLE 1  
76   #endif  
77   #ifndef CC_SURFACES_DEBUG_VIEW_COMPOSITE_AND_MISC  
78     #define CC_SURFACES_DEBUG_VIEW_COMPOSITE_AND_MISC 2  
79   #endif  
80  
81 #endif  
82 attribute vec3 a_position;  
83 attribute vec2 a_texCoord;  
84 attribute vec4 a_color;  
85  
86 varying vec4 color;  
87 varying vec2 uv0;  
88 varying vec3 position;  
89 gl_PointSize = 10.0;  
90  
91 vec4 vert () {  
92   vec4 pos = vec4(a_position, 1);  
93  
94   #if USE_LOCAL  
95     pos = cc_matWorld * pos;  
96   #endif  
97  
98   #if USE_PIXEL_ALIGNMENT  
99     pos = cc_matView * pos;  
100     pos.xyz = floor(pos.xyz);  
101     pos = cc_matProj * pos;  
102   #else  
103     pos = cc_matViewProj * pos;  
104   #endif  
105  
106   uv0 = a_texCoord;  
107   #if SAMPLE_FROM_RT  
108     uv0 = cc_cameraPos.w > 1.0 ? vec2(uv0.x, 1.0 - uv0.y) : uv0;  
109   #endif  
110   color = a_color;  
111  
112   return pos;  
113 }  
114  
115 void main() { gl_Position = vert(); }  
116  
at Object.encode (D:\code_software\cocoscreator\editors\Creator\3.8.3\resources\app.asar\node_modules\@base\electron-worker\node_modules\v-stacks\index.js:14:17)  
at Logger._logHandler (D:\code_software\cocoscreator\editors\Creator\3.8.3\resources\app.asar\node_modules\@base\electron-worker\static\script.ccc:1:531)  
at Logger.record (D:\code_software\cocoscreator\editors\Creator\3.8.3\resources\app.asar\node_modules\@base\electron-logger\lib\renderer.ccc:1:458)  
at Object.error (D:\code_software\cocoscreator\editors\Creator\3.8.3\resources\app.asar\node_modules\@base\electron-logger\lib\renderer.ccc:1:1414)  
at Object.error (D:\code_software\cocoscreator\editors\Creator\3.8.3\resources\app.asar\builtin\asset-db\dist\worker\console.ccc:1:1409)  
at import (D:\code_software\cocoscreator\editors\Creator\3.8.3\resources\app.asar\modules\engine-extensions\extensions\engine-extends\dist\handler\assets\effect.ccc:1:5904)  
at runMicrotasks (<anonymous>)  
at runNextTicks (internal/process/task_queues.js:58:5)  
at processImmediate (internal/timers.js:434:9)  
at CustomImporter.import (D:\code_software\cocoscreator\editors\Creator\3.8.3\resources\app.asar\builtin\asset-db\dist\worker\manager\asset-handler-manager.ccc:1:1206)
2025-1-8 15:54:17 - warn: [Scene] EffectAsset builtin-standard.effect c8f66d17-351a-48da-a12c-0212d28575c4 not foundError: [Scene] EffectAsset builtin-standard.effect c8f66d17-351a-48da-a12c-0212d28575c4 not found
    at MaterialAsset.queryAllEffects (D:\code_software\cocoscreator\editors\Creator\3.8.3\resources\app.asar\builtin\scene\dist\script\3d\manager\asset\material.ccc:1:4114)
2025-1-8 16:02:19 - error: [Assets] builtin-sprite-chip.effect - sprite-vs:vert: Error EFX2406: compilation failed: ↓↓↓↓↓ EXPAND THIS MESSAGE FOR MORE INFO ↓↓↓↓↓
ERROR: 0:91: 'assign' : l-value required (can't modify an attribute "a_position")
ERROR: 0:92: 'assign' : l-value required (can't modify an attribute "a_position")
 

1 #version 100
2 #define USE_LOCAL 1
3 #define SAMPLE_FROM_RT 1
4 #define CC_DEVICE_SUPPORT_FLOAT_TEXTURE 1
5 #define CC_DEVICE_MAX_FRAGMENT_UNIFORM_VECTORS 1024
6 #define CC_DEVICE_MAX_VERTEX_UNIFORM_VECTORS 1024
7 #define CC_EFFECT_USED_VERTEX_UNIFORM_VECTORS 128
8 #define CC_EFFECT_USED_FRAGMENT_UNIFORM_VECTORS 128
9 #define CC_DEVICE_CAN_BENEFIT_FROM_INPUT_ATTACHMENT 0
10 #define CC_PLATFORM_ANDROID_AND_WEBGL 0
11 #define CC_ENABLE_WEBGL_HIGHP_STRUCT_VALUES 0
12 #define USE_PIXEL_ALIGNMENT 1
13 #define CC_USE_EMBEDDED_ALPHA 1
14 #define USE_ALPHA_TEST 1
15 #define USE_TEXTURE 1
16 #define IS_GRAY 1
17 
18 precision highp float;
19 uniform highp mat4 cc_matView;
20   uniform highp mat4 cc_matProj;
21   uniform highp mat4 cc_matViewProj;
22   uniform highp vec4 cc_cameraPos;
23 
24 
25 #if USE_LOCAL
26   uniform highp mat4 cc_matWorld;
27 
28   
29 #endif
30 #if SAMPLE_FROM_RT
31   
32   #define QUATER_PI         0.78539816340
33   #define HALF_PI           1.57079632679
34   #define PI                3.14159265359
35   #define PI2               6.28318530718
36   #define PI4               12.5663706144
37   
38   #define INV_QUATER_PI     1.27323954474
39   #define INV_HALF_PI       0.63661977237
40   #define INV_PI            0.31830988618
41   #define INV_PI2           0.15915494309
42   #define INV_PI4           0.07957747155
43   
44   #define EPSILON           1e-6
45   #define EPSILON_LOWP      1e-4
46   #define LOG2              1.442695
47   #define EXP_VALUE         2.71828183
48   #define FP_MAX            65504.0
49   #define FP_SCALE          0.0009765625
50   #define FP_SCALE_INV      1024.0
51   #define GRAY_VECTOR       vec3(0.299, 0.587, 0.114)
52       #define LIGHT_MAP_TYPE_DISABLED 0
53   #define LIGHT_MAP_TYPE_ALL_IN_ONE 1
54   #define LIGHT_MAP_TYPE_INDIRECT_OCCLUSION 2
55   #define REFLECTION_PROBE_TYPE_NONE 0
56   #define REFLECTION_PROBE_TYPE_CUBE 1
57   #define REFLECTION_PROBE_TYPE_PLANAR 2
58   #define REFLECTION_PROBE_TYPE_BLEND 3
59   #define REFLECTION_PROBE_TYPE_BLEND_AND_SKYBOX 4
60       #define LIGHT_TYPE_DIRECTIONAL 0.0
61   #define LIGHT_TYPE_SPHERE 1.0
62   #define LIGHT_TYPE_SPOT 2.0
63   #define LIGHT_TYPE_POINT 3.0
64   #define LIGHT_TYPE_RANGED_DIRECTIONAL 4.0
65   
66   #define IS_DIRECTIONAL_LIGHT(light_type) (abs(float(light_type) - float(LIGHT_TYPE_DIRECTIONAL)) < EPSILON_LOWP)
67   #define IS_SPHERE_LIGHT(light_type) (abs(float(light_type) - float(LIGHT_TYPE_SPHERE)) < EPSILON_LOWP)
68   #define IS_SPOT_LIGHT(light_type) (abs(float(light_type) - float(LIGHT_TYPE_SPOT)) < EPSILON_LOWP)
69   #define IS_POINT_LIGHT(light_type) (abs(float(light_type) - float(LIGHT_TYPE_POINT)) < EPSILON_LOWP)
70   #define IS_RANGED_DIRECTIONAL_LIGHT(light_type) (abs(float(light_type) - float(LIGHT_TYPE_RANGED_DIRECTIONAL)) < EPSILON_LOWP)
71   #define TONE_MAPPING_ACES 0
72   #define TONE_MAPPING_LINEAR 1
73   #define SURFACES_MAX_TRANSMIT_DEPTH_VALUE 999999.0
74   #ifndef CC_SURFACES_DEBUG_VIEW_SINGLE
75     #define CC_SURFACES_DEBUG_VIEW_SINGLE 1
76   #endif
77   #ifndef CC_SURFACES_DEBUG_VIEW_COMPOSITE_AND_MISC
78     #define CC_SURFACES_DEBUG_VIEW_COMPOSITE_AND_MISC 2
79   #endif
80   
81 #endif
82 attribute vec3 a_position;
83 attribute vec2 a_texCoord;
84 attribute vec4 a_color;
85 
86 varying vec4 color;
87 varying vec2 uv0;
88 varying vec3 position;
89 
90 vec4 vert () {
91   a_position.x *= a_position.x;
92   a_position.y *= a_position.y;
93   vec4 pos = vec4(a_position, 1);
94 
95   #if USE_LOCAL
96     pos = cc_matWorld * pos;
97   #endif
98 
99   #if USE_PIXEL_ALIGNMENT
100     pos = cc_matView * pos;
101     pos.xyz = floor(pos.xyz);
102     pos = cc_matProj * pos;
103   #else
104     pos = cc_matViewProj * pos;
105   #endif
106 
107   uv0 = a_texCoord;
108   #if SAMPLE_FROM_RT
109     uv0 = cc_cameraPos.w > 1.0 ? vec2(uv0.x, 1.0 - uv0.y) : uv0;
110   #endif
111   color = a_color;
112 
113   return pos;
114 }
115 
116 void main() { gl_Position = vert(); }
117 [Assets] builtin-sprite-chip.effect - sprite-vs:vert: Error EFX2406: compilation failed: ↓↓↓↓↓ EXPAND THIS MESSAGE FOR MORE INFO ↓↓↓↓↓
ERROR: 0:91: 'assign' : l-value required (can't modify an attribute "a_position")
ERROR: 0:92: 'assign' : l-value required (can't modify an attribute "a_position")
 

1 #version 100
2 #define USE_LOCAL 1
3 #define SAMPLE_FROM_RT 1
4 #define CC_DEVICE_SUPPORT_FLOAT_TEXTURE 1
5 #define CC_DEVICE_MAX_FRAGMENT_UNIFORM_VECTORS 1024
6 #define CC_DEVICE_MAX_VERTEX_UNIFORM_VECTORS 1024
7 #define CC_EFFECT_USED_VERTEX_UNIFORM_VECTORS 128
8 #define CC_EFFECT_USED_FRAGMENT_UNIFORM_VECTORS 128
9 #define CC_DEVICE_CAN_BENEFIT_FROM_INPUT_ATTACHMENT 0
10 #define CC_PLATFORM_ANDROID_AND_WEBGL 0
11 #define CC_ENABLE_WEBGL_HIGHP_STRUCT_VALUES 0
12 #define USE_PIXEL_ALIGNMENT 1
13 #define CC_USE_EMBEDDED_ALPHA 1
14 #define USE_ALPHA_TEST 1
15 #define USE_TEXTURE 1
16 #define IS_GRAY 1
17 
18 precision highp float;
19 uniform highp mat4 cc_matView;
20   uniform highp mat4 cc_matProj;
21   uniform highp mat4 cc_matViewProj;
22   uniform highp vec4 cc_cameraPos;
23 
24 
25 #if USE_LOCAL
26   uniform highp mat4 cc_matWorld;
27 
28   
29 #endif
30 #if SAMPLE_FROM_RT
31   
32   #define QUATER_PI         0.78539816340
33   #define HALF_PI           1.57079632679
34   #define PI                3.14159265359
35   #define PI2               6.28318530718
36   #define PI4               12.5663706144
37   
38   #define INV_QUATER_PI     1.27323954474
39   #define INV_HALF_PI       0.63661977237
40   #define INV_PI            0.31830988618
41   #define INV_PI2           0.15915494309
42   #define INV_PI4           0.07957747155
43   
44   #define EPSILON           1e-6
45   #define EPSILON_LOWP      1e-4
46   #define LOG2              1.442695
47   #define EXP_VALUE         2.71828183
48   #define FP_MAX            65504.0
49   #define FP_SCALE          0.0009765625
50   #define FP_SCALE_INV      1024.0
51   #define GRAY_VECTOR       vec3(0.299, 0.587, 0.114)
52       #define LIGHT_MAP_TYPE_DISABLED 0
53   #define LIGHT_MAP_TYPE_ALL_IN_ONE 1
54   #define LIGHT_MAP_TYPE_INDIRECT_OCCLUSION 2
55   #define REFLECTION_PROBE_TYPE_NONE 0
56   #define REFLECTION_PROBE_TYPE_CUBE 1
57   #define REFLECTION_PROBE_TYPE_PLANAR 2
58   #define REFLECTION_PROBE_TYPE_BLEND 3
59   #define REFLECTION_PROBE_TYPE_BLEND_AND_SKYBOX 4
60       #define LIGHT_TYPE_DIRECTIONAL 0.0
61   #define LIGHT_TYPE_SPHERE 1.0
62   #define LIGHT_TYPE_SPOT 2.0
63   #define LIGHT_TYPE_POINT 3.0
64   #define LIGHT_TYPE_RANGED_DIRECTIONAL 4.0
65   
66   #define IS_DIRECTIONAL_LIGHT(light_type) (abs(float(light_type) - float(LIGHT_TYPE_DIRECTIONAL)) < EPSILON_LOWP)
67   #define IS_SPHERE_LIGHT(light_type) (abs(float(light_type) - float(LIGHT_TYPE_SPHERE)) < EPSILON_LOWP)
68   #define IS_SPOT_LIGHT(light_type) (abs(float(light_type) - float(LIGHT_TYPE_SPOT)) < EPSILON_LOWP)
69   #define IS_POINT_LIGHT(light_type) (abs(float(light_type) - float(LIGHT_TYPE_POINT)) < EPSILON_LOWP)
70   #define IS_RANGED_DIRECTIONAL_LIGHT(light_type) (abs(float(light_type) - float(LIGHT_TYPE_RANGED_DIRECTIONAL)) < EPSILON_LOWP)
71   #define TONE_MAPPING_ACES 0
72   #define TONE_MAPPING_LINEAR 1
73   #define SURFACES_MAX_TRANSMIT_DEPTH_VALUE 999999.0
74   #ifndef CC_SURFACES_DEBUG_VIEW_SINGLE
75     #define CC_SURFACES_DEBUG_VIEW_SINGLE 1
76   #endif
77   #ifndef CC_SURFACES_DEBUG_VIEW_COMPOSITE_AND_MISC
78     #define CC_SURFACES_DEBUG_VIEW_COMPOSITE_AND_MISC 2
79   #endif
80   
81 #endif
82 attribute vec3 a_position;
83 attribute vec2 a_texCoord;
84 attribute vec4 a_color;
85 
86 varying vec4 color;
87 varying vec2 uv0;
88 varying vec3 position;
89 
90 vec4 vert () {
91   a_position.x *= a_position.x;
92   a_position.y *= a_position.y;
93   vec4 pos = vec4(a_position, 1);
94 
95   #if USE_LOCAL
96     pos = cc_matWorld * pos;
97   #endif
98 
99   #if USE_PIXEL_ALIGNMENT
100     pos = cc_matView * pos;
101     pos.xyz = floor(pos.xyz);
102     pos = cc_matProj * pos;
103   #else
104     pos = cc_matViewProj * pos;
105   #endif
106 
107   uv0 = a_texCoord;
108   #if SAMPLE_FROM_RT
109     uv0 = cc_cameraPos.w > 1.0 ? vec2(uv0.x, 1.0 - uv0.y) : uv0;
110   #endif
111   color = a_color;
112 
113   return pos;
114 }
115 
116 void main() { gl_Position = vert(); }
117   
1 #version 100  
2 #define USE_LOCAL 1  
3 #define SAMPLE_FROM_RT 1  
4 #define CC_DEVICE_SUPPORT_FLOAT_TEXTURE 1  
5 #define CC_DEVICE_MAX_FRAGMENT_UNIFORM_VECTORS 1024  
6 #define CC_DEVICE_MAX_VERTEX_UNIFORM_VECTORS 1024  
7 #define CC_EFFECT_USED_VERTEX_UNIFORM_VECTORS 128  
8 #define CC_EFFECT_USED_FRAGMENT_UNIFORM_VECTORS 128  
9 #define CC_DEVICE_CAN_BENEFIT_FROM_INPUT_ATTACHMENT 0  
10 #define CC_PLATFORM_ANDROID_AND_WEBGL 0  
11 #define CC_ENABLE_WEBGL_HIGHP_STRUCT_VALUES 0  
12 #define USE_PIXEL_ALIGNMENT 1  
13 #define CC_USE_EMBEDDED_ALPHA 1  
14 #define USE_ALPHA_TEST 1  
15 #define USE_TEXTURE 1  
16 #define IS_GRAY 1  
17  
18 precision highp float;  
19 uniform highp mat4 cc_matView;  
20   uniform highp mat4 cc_matProj;  
21   uniform highp mat4 cc_matViewProj;  
22   uniform highp vec4 cc_cameraPos;  
23  
24  
25 #if USE_LOCAL  
26   uniform highp mat4 cc_matWorld;  
27  
28  
29 #endif  
30 #if SAMPLE_FROM_RT  
31  
32   #define QUATER_PI         0.78539816340  
33   #define HALF_PI           1.57079632679  
34   #define PI                3.14159265359  
35   #define PI2               6.28318530718  
36   #define PI4               12.5663706144  
37  
38   #define INV_QUATER_PI     1.27323954474  
39   #define INV_HALF_PI       0.63661977237  
40   #define INV_PI            0.31830988618  
41   #define INV_PI2           0.15915494309  
42   #define INV_PI4           0.07957747155  
43  
44   #define EPSILON           1e-6  
45   #define EPSILON_LOWP      1e-4  
46   #define LOG2              1.442695  
47   #define EXP_VALUE         2.71828183  
48   #define FP_MAX            65504.0  
49   #define FP_SCALE          0.0009765625  
50   #define FP_SCALE_INV      1024.0  
51   #define GRAY_VECTOR       vec3(0.299, 0.587, 0.114)  
52       #define LIGHT_MAP_TYPE_DISABLED 0  
53   #define LIGHT_MAP_TYPE_ALL_IN_ONE 1  
54   #define LIGHT_MAP_TYPE_INDIRECT_OCCLUSION 2  
55   #define REFLECTION_PROBE_TYPE_NONE 0  
56   #define REFLECTION_PROBE_TYPE_CUBE 1  
57   #define REFLECTION_PROBE_TYPE_PLANAR 2  
58   #define REFLECTION_PROBE_TYPE_BLEND 3  
59   #define REFLECTION_PROBE_TYPE_BLEND_AND_SKYBOX 4  
60       #define LIGHT_TYPE_DIRECTIONAL 0.0  
61   #define LIGHT_TYPE_SPHERE 1.0  
62   #define LIGHT_TYPE_SPOT 2.0  
63   #define LIGHT_TYPE_POINT 3.0  
64   #define LIGHT_TYPE_RANGED_DIRECTIONAL 4.0  
65  
66   #define IS_DIRECTIONAL_LIGHT(light_type) (abs(float(light_type) - float(LIGHT_TYPE_DIRECTIONAL)) < EPSILON_LOWP)  
67   #define IS_SPHERE_LIGHT(light_type) (abs(float(light_type) - float(LIGHT_TYPE_SPHERE)) < EPSILON_LOWP)  
68   #define IS_SPOT_LIGHT(light_type) (abs(float(light_type) - float(LIGHT_TYPE_SPOT)) < EPSILON_LOWP)  
69   #define IS_POINT_LIGHT(light_type) (abs(float(light_type) - float(LIGHT_TYPE_POINT)) < EPSILON_LOWP)  
70   #define IS_RANGED_DIRECTIONAL_LIGHT(light_type) (abs(float(light_type) - float(LIGHT_TYPE_RANGED_DIRECTIONAL)) < EPSILON_LOWP)  
71   #define TONE_MAPPING_ACES 0  
72   #define TONE_MAPPING_LINEAR 1  
73   #define SURFACES_MAX_TRANSMIT_DEPTH_VALUE 999999.0  
74   #ifndef CC_SURFACES_DEBUG_VIEW_SINGLE  
75     #define CC_SURFACES_DEBUG_VIEW_SINGLE 1  
76   #endif  
77   #ifndef CC_SURFACES_DEBUG_VIEW_COMPOSITE_AND_MISC  
78     #define CC_SURFACES_DEBUG_VIEW_COMPOSITE_AND_MISC 2  
79   #endif  
80  
81 #endif  
82 attribute vec3 a_position;  
83 attribute vec2 a_texCoord;  
84 attribute vec4 a_color;  
85  
86 varying vec4 color;  
87 varying vec2 uv0;  
88 varying vec3 position;  
89  
90 vec4 vert () {  
91   a_position.x *= a_position.x;  
92   a_position.y *= a_position.y;  
93   vec4 pos = vec4(a_position, 1);  
94  
95   #if USE_LOCAL  
96     pos = cc_matWorld * pos;  
97   #endif  
98  
99   #if USE_PIXEL_ALIGNMENT  
100     pos = cc_matView * pos;  
101     pos.xyz = floor(pos.xyz);  
102     pos = cc_matProj * pos;  
103   #else  
104     pos = cc_matViewProj * pos;  
105   #endif  
106  
107   uv0 = a_texCoord;  
108   #if SAMPLE_FROM_RT  
109     uv0 = cc_cameraPos.w > 1.0 ? vec2(uv0.x, 1.0 - uv0.y) : uv0;  
110   #endif  
111   color = a_color;  
112  
113   return pos;  
114 }  
115  
116 void main() { gl_Position = vert(); }  
117  
at Object.encode (D:\code_software\cocoscreator\editors\Creator\3.8.3\resources\app.asar\node_modules\@base\electron-worker\node_modules\v-stacks\index.js:14:17)  
at Logger._logHandler (D:\code_software\cocoscreator\editors\Creator\3.8.3\resources\app.asar\node_modules\@base\electron-worker\static\script.ccc:1:531)  
at Logger.record (D:\code_software\cocoscreator\editors\Creator\3.8.3\resources\app.asar\node_modules\@base\electron-logger\lib\renderer.ccc:1:458)  
at Object.error (D:\code_software\cocoscreator\editors\Creator\3.8.3\resources\app.asar\node_modules\@base\electron-logger\lib\renderer.ccc:1:1414)  
at Object.error (D:\code_software\cocoscreator\editors\Creator\3.8.3\resources\app.asar\builtin\asset-db\dist\worker\console.ccc:1:1409)  
at import (D:\code_software\cocoscreator\editors\Creator\3.8.3\resources\app.asar\modules\engine-extensions\extensions\engine-extends\dist\handler\assets\effect.ccc:1:5904)  
at runMicrotasks (<anonymous>)  
at runNextTicks (internal/process/task_queues.js:58:5)  
at processImmediate (internal/timers.js:434:9)  
at CustomImporter.import (D:\code_software\cocoscreator\editors\Creator\3.8.3\resources\app.asar\builtin\asset-db\dist\worker\manager\asset-handler-manager.ccc:1:1206)
2025-1-8 16:02:19 - warn: [Scene] EffectAsset builtin-standard.effect c8f66d17-351a-48da-a12c-0212d28575c4 not foundError: [Scene] EffectAsset builtin-standard.effect c8f66d17-351a-48da-a12c-0212d28575c4 not found
    at MaterialAsset.queryAllEffects (D:\code_software\cocoscreator\editors\Creator\3.8.3\resources\app.asar\builtin\scene\dist\script\3d\manager\asset\material.ccc:1:4114)
2025-1-8 16:02:27 - error: [Assets] builtin-sprite-chip.effect - sprite-vs:vert: Error EFX2406: compilation failed: ↓↓↓↓↓ EXPAND THIS MESSAGE FOR MORE INFO ↓↓↓↓↓
ERROR: 0:91: 'assign' : l-value required (can't modify an attribute "a_position")
ERROR: 0:92: 'assign' : l-value required (can't modify an attribute "a_position")
 

1 #version 100
2 #define USE_LOCAL 1
3 #define SAMPLE_FROM_RT 1
4 #define CC_DEVICE_SUPPORT_FLOAT_TEXTURE 1
5 #define CC_DEVICE_MAX_FRAGMENT_UNIFORM_VECTORS 1024
6 #define CC_DEVICE_MAX_VERTEX_UNIFORM_VECTORS 1024
7 #define CC_EFFECT_USED_VERTEX_UNIFORM_VECTORS 128
8 #define CC_EFFECT_USED_FRAGMENT_UNIFORM_VECTORS 128
9 #define CC_DEVICE_CAN_BENEFIT_FROM_INPUT_ATTACHMENT 0
10 #define CC_PLATFORM_ANDROID_AND_WEBGL 0
11 #define CC_ENABLE_WEBGL_HIGHP_STRUCT_VALUES 0
12 #define USE_PIXEL_ALIGNMENT 1
13 #define CC_USE_EMBEDDED_ALPHA 1
14 #define USE_ALPHA_TEST 1
15 #define USE_TEXTURE 1
16 #define IS_GRAY 1
17 
18 precision highp float;
19 uniform highp mat4 cc_matView;
20   uniform highp mat4 cc_matProj;
21   uniform highp mat4 cc_matViewProj;
22   uniform highp vec4 cc_cameraPos;
23 
24 
25 #if USE_LOCAL
26   uniform highp mat4 cc_matWorld;
27 
28   
29 #endif
30 #if SAMPLE_FROM_RT
31   
32   #define QUATER_PI         0.78539816340
33   #define HALF_PI           1.57079632679
34   #define PI                3.14159265359
35   #define PI2               6.28318530718
36   #define PI4               12.5663706144
37   
38   #define INV_QUATER_PI     1.27323954474
39   #define INV_HALF_PI       0.63661977237
40   #define INV_PI            0.31830988618
41   #define INV_PI2           0.15915494309
42   #define INV_PI4           0.07957747155
43   
44   #define EPSILON           1e-6
45   #define EPSILON_LOWP      1e-4
46   #define LOG2              1.442695
47   #define EXP_VALUE         2.71828183
48   #define FP_MAX            65504.0
49   #define FP_SCALE          0.0009765625
50   #define FP_SCALE_INV      1024.0
51   #define GRAY_VECTOR       vec3(0.299, 0.587, 0.114)
52       #define LIGHT_MAP_TYPE_DISABLED 0
53   #define LIGHT_MAP_TYPE_ALL_IN_ONE 1
54   #define LIGHT_MAP_TYPE_INDIRECT_OCCLUSION 2
55   #define REFLECTION_PROBE_TYPE_NONE 0
56   #define REFLECTION_PROBE_TYPE_CUBE 1
57   #define REFLECTION_PROBE_TYPE_PLANAR 2
58   #define REFLECTION_PROBE_TYPE_BLEND 3
59   #define REFLECTION_PROBE_TYPE_BLEND_AND_SKYBOX 4
60       #define LIGHT_TYPE_DIRECTIONAL 0.0
61   #define LIGHT_TYPE_SPHERE 1.0
62   #define LIGHT_TYPE_SPOT 2.0
63   #define LIGHT_TYPE_POINT 3.0
64   #define LIGHT_TYPE_RANGED_DIRECTIONAL 4.0
65   
66   #define IS_DIRECTIONAL_LIGHT(light_type) (abs(float(light_type) - float(LIGHT_TYPE_DIRECTIONAL)) < EPSILON_LOWP)
67   #define IS_SPHERE_LIGHT(light_type) (abs(float(light_type) - float(LIGHT_TYPE_SPHERE)) < EPSILON_LOWP)
68   #define IS_SPOT_LIGHT(light_type) (abs(float(light_type) - float(LIGHT_TYPE_SPOT)) < EPSILON_LOWP)
69   #define IS_POINT_LIGHT(light_type) (abs(float(light_type) - float(LIGHT_TYPE_POINT)) < EPSILON_LOWP)
70   #define IS_RANGED_DIRECTIONAL_LIGHT(light_type) (abs(float(light_type) - float(LIGHT_TYPE_RANGED_DIRECTIONAL)) < EPSILON_LOWP)
71   #define TONE_MAPPING_ACES 0
72   #define TONE_MAPPING_LINEAR 1
73   #define SURFACES_MAX_TRANSMIT_DEPTH_VALUE 999999.0
74   #ifndef CC_SURFACES_DEBUG_VIEW_SINGLE
75     #define CC_SURFACES_DEBUG_VIEW_SINGLE 1
76   #endif
77   #ifndef CC_SURFACES_DEBUG_VIEW_COMPOSITE_AND_MISC
78     #define CC_SURFACES_DEBUG_VIEW_COMPOSITE_AND_MISC 2
79   #endif
80   
81 #endif
82 attribute vec3 a_position;
83 attribute vec2 a_texCoord;
84 attribute vec4 a_color;
85 
86 varying vec4 color;
87 varying vec2 uv0;
88 varying vec3 position;
89 
90 vec4 vert () {
91   a_position.x *= a_position.x;
92   a_position.y *= a_position.y;
93   vec4 pos = vec4(a_position, 1);
94 
95   #if USE_LOCAL
96     pos = cc_matWorld * pos;
97   #endif
98 
99   #if USE_PIXEL_ALIGNMENT
100     pos = cc_matView * pos;
101     pos.xyz = floor(pos.xyz);
102     pos = cc_matProj * pos;
103   #else
104     pos = cc_matViewProj * pos;
105   #endif
106 
107   uv0 = a_texCoord;
108   #if SAMPLE_FROM_RT
109     uv0 = cc_cameraPos.w > 1.0 ? vec2(uv0.x, 1.0 - uv0.y) : uv0;
110   #endif
111   color = a_color;
112 
113   return pos;
114 }
115 
116 void main() { gl_Position = vert(); }
117 [Assets] builtin-sprite-chip.effect - sprite-vs:vert: Error EFX2406: compilation failed: ↓↓↓↓↓ EXPAND THIS MESSAGE FOR MORE INFO ↓↓↓↓↓
ERROR: 0:91: 'assign' : l-value required (can't modify an attribute "a_position")
ERROR: 0:92: 'assign' : l-value required (can't modify an attribute "a_position")
 

1 #version 100
2 #define USE_LOCAL 1
3 #define SAMPLE_FROM_RT 1
4 #define CC_DEVICE_SUPPORT_FLOAT_TEXTURE 1
5 #define CC_DEVICE_MAX_FRAGMENT_UNIFORM_VECTORS 1024
6 #define CC_DEVICE_MAX_VERTEX_UNIFORM_VECTORS 1024
7 #define CC_EFFECT_USED_VERTEX_UNIFORM_VECTORS 128
8 #define CC_EFFECT_USED_FRAGMENT_UNIFORM_VECTORS 128
9 #define CC_DEVICE_CAN_BENEFIT_FROM_INPUT_ATTACHMENT 0
10 #define CC_PLATFORM_ANDROID_AND_WEBGL 0
11 #define CC_ENABLE_WEBGL_HIGHP_STRUCT_VALUES 0
12 #define USE_PIXEL_ALIGNMENT 1
13 #define CC_USE_EMBEDDED_ALPHA 1
14 #define USE_ALPHA_TEST 1
15 #define USE_TEXTURE 1
16 #define IS_GRAY 1
17 
18 precision highp float;
19 uniform highp mat4 cc_matView;
20   uniform highp mat4 cc_matProj;
21   uniform highp mat4 cc_matViewProj;
22   uniform highp vec4 cc_cameraPos;
23 
24 
25 #if USE_LOCAL
26   uniform highp mat4 cc_matWorld;
27 
28   
29 #endif
30 #if SAMPLE_FROM_RT
31   
32   #define QUATER_PI         0.78539816340
33   #define HALF_PI           1.57079632679
34   #define PI                3.14159265359
35   #define PI2               6.28318530718
36   #define PI4               12.5663706144
37   
38   #define INV_QUATER_PI     1.27323954474
39   #define INV_HALF_PI       0.63661977237
40   #define INV_PI            0.31830988618
41   #define INV_PI2           0.15915494309
42   #define INV_PI4           0.07957747155
43   
44   #define EPSILON           1e-6
45   #define EPSILON_LOWP      1e-4
46   #define LOG2              1.442695
47   #define EXP_VALUE         2.71828183
48   #define FP_MAX            65504.0
49   #define FP_SCALE          0.0009765625
50   #define FP_SCALE_INV      1024.0
51   #define GRAY_VECTOR       vec3(0.299, 0.587, 0.114)
52       #define LIGHT_MAP_TYPE_DISABLED 0
53   #define LIGHT_MAP_TYPE_ALL_IN_ONE 1
54   #define LIGHT_MAP_TYPE_INDIRECT_OCCLUSION 2
55   #define REFLECTION_PROBE_TYPE_NONE 0
56   #define REFLECTION_PROBE_TYPE_CUBE 1
57   #define REFLECTION_PROBE_TYPE_PLANAR 2
58   #define REFLECTION_PROBE_TYPE_BLEND 3
59   #define REFLECTION_PROBE_TYPE_BLEND_AND_SKYBOX 4
60       #define LIGHT_TYPE_DIRECTIONAL 0.0
61   #define LIGHT_TYPE_SPHERE 1.0
62   #define LIGHT_TYPE_SPOT 2.0
63   #define LIGHT_TYPE_POINT 3.0
64   #define LIGHT_TYPE_RANGED_DIRECTIONAL 4.0
65   
66   #define IS_DIRECTIONAL_LIGHT(light_type) (abs(float(light_type) - float(LIGHT_TYPE_DIRECTIONAL)) < EPSILON_LOWP)
67   #define IS_SPHERE_LIGHT(light_type) (abs(float(light_type) - float(LIGHT_TYPE_SPHERE)) < EPSILON_LOWP)
68   #define IS_SPOT_LIGHT(light_type) (abs(float(light_type) - float(LIGHT_TYPE_SPOT)) < EPSILON_LOWP)
69   #define IS_POINT_LIGHT(light_type) (abs(float(light_type) - float(LIGHT_TYPE_POINT)) < EPSILON_LOWP)
70   #define IS_RANGED_DIRECTIONAL_LIGHT(light_type) (abs(float(light_type) - float(LIGHT_TYPE_RANGED_DIRECTIONAL)) < EPSILON_LOWP)
71   #define TONE_MAPPING_ACES 0
72   #define TONE_MAPPING_LINEAR 1
73   #define SURFACES_MAX_TRANSMIT_DEPTH_VALUE 999999.0
74   #ifndef CC_SURFACES_DEBUG_VIEW_SINGLE
75     #define CC_SURFACES_DEBUG_VIEW_SINGLE 1
76   #endif
77   #ifndef CC_SURFACES_DEBUG_VIEW_COMPOSITE_AND_MISC
78     #define CC_SURFACES_DEBUG_VIEW_COMPOSITE_AND_MISC 2
79   #endif
80   
81 #endif
82 attribute vec3 a_position;
83 attribute vec2 a_texCoord;
84 attribute vec4 a_color;
85 
86 varying vec4 color;
87 varying vec2 uv0;
88 varying vec3 position;
89 
90 vec4 vert () {
91   a_position.x *= a_position.x;
92   a_position.y *= a_position.y;
93   vec4 pos = vec4(a_position, 1);
94 
95   #if USE_LOCAL
96     pos = cc_matWorld * pos;
97   #endif
98 
99   #if USE_PIXEL_ALIGNMENT
100     pos = cc_matView * pos;
101     pos.xyz = floor(pos.xyz);
102     pos = cc_matProj * pos;
103   #else
104     pos = cc_matViewProj * pos;
105   #endif
106 
107   uv0 = a_texCoord;
108   #if SAMPLE_FROM_RT
109     uv0 = cc_cameraPos.w > 1.0 ? vec2(uv0.x, 1.0 - uv0.y) : uv0;
110   #endif
111   color = a_color;
112 
113   return pos;
114 }
115 
116 void main() { gl_Position = vert(); }
117   
1 #version 100  
2 #define USE_LOCAL 1  
3 #define SAMPLE_FROM_RT 1  
4 #define CC_DEVICE_SUPPORT_FLOAT_TEXTURE 1  
5 #define CC_DEVICE_MAX_FRAGMENT_UNIFORM_VECTORS 1024  
6 #define CC_DEVICE_MAX_VERTEX_UNIFORM_VECTORS 1024  
7 #define CC_EFFECT_USED_VERTEX_UNIFORM_VECTORS 128  
8 #define CC_EFFECT_USED_FRAGMENT_UNIFORM_VECTORS 128  
9 #define CC_DEVICE_CAN_BENEFIT_FROM_INPUT_ATTACHMENT 0  
10 #define CC_PLATFORM_ANDROID_AND_WEBGL 0  
11 #define CC_ENABLE_WEBGL_HIGHP_STRUCT_VALUES 0  
12 #define USE_PIXEL_ALIGNMENT 1  
13 #define CC_USE_EMBEDDED_ALPHA 1  
14 #define USE_ALPHA_TEST 1  
15 #define USE_TEXTURE 1  
16 #define IS_GRAY 1  
17  
18 precision highp float;  
19 uniform highp mat4 cc_matView;  
20   uniform highp mat4 cc_matProj;  
21   uniform highp mat4 cc_matViewProj;  
22   uniform highp vec4 cc_cameraPos;  
23  
24  
25 #if USE_LOCAL  
26   uniform highp mat4 cc_matWorld;  
27  
28  
29 #endif  
30 #if SAMPLE_FROM_RT  
31  
32   #define QUATER_PI         0.78539816340  
33   #define HALF_PI           1.57079632679  
34   #define PI                3.14159265359  
35   #define PI2               6.28318530718  
36   #define PI4               12.5663706144  
37  
38   #define INV_QUATER_PI     1.27323954474  
39   #define INV_HALF_PI       0.63661977237  
40   #define INV_PI            0.31830988618  
41   #define INV_PI2           0.15915494309  
42   #define INV_PI4           0.07957747155  
43  
44   #define EPSILON           1e-6  
45   #define EPSILON_LOWP      1e-4  
46   #define LOG2              1.442695  
47   #define EXP_VALUE         2.71828183  
48   #define FP_MAX            65504.0  
49   #define FP_SCALE          0.0009765625  
50   #define FP_SCALE_INV      1024.0  
51   #define GRAY_VECTOR       vec3(0.299, 0.587, 0.114)  
52       #define LIGHT_MAP_TYPE_DISABLED 0  
53   #define LIGHT_MAP_TYPE_ALL_IN_ONE 1  
54   #define LIGHT_MAP_TYPE_INDIRECT_OCCLUSION 2  
55   #define REFLECTION_PROBE_TYPE_NONE 0  
56   #define REFLECTION_PROBE_TYPE_CUBE 1  
57   #define REFLECTION_PROBE_TYPE_PLANAR 2  
58   #define REFLECTION_PROBE_TYPE_BLEND 3  
59   #define REFLECTION_PROBE_TYPE_BLEND_AND_SKYBOX 4  
60       #define LIGHT_TYPE_DIRECTIONAL 0.0  
61   #define LIGHT_TYPE_SPHERE 1.0  
62   #define LIGHT_TYPE_SPOT 2.0  
63   #define LIGHT_TYPE_POINT 3.0  
64   #define LIGHT_TYPE_RANGED_DIRECTIONAL 4.0  
65  
66   #define IS_DIRECTIONAL_LIGHT(light_type) (abs(float(light_type) - float(LIGHT_TYPE_DIRECTIONAL)) < EPSILON_LOWP)  
67   #define IS_SPHERE_LIGHT(light_type) (abs(float(light_type) - float(LIGHT_TYPE_SPHERE)) < EPSILON_LOWP)  
68   #define IS_SPOT_LIGHT(light_type) (abs(float(light_type) - float(LIGHT_TYPE_SPOT)) < EPSILON_LOWP)  
69   #define IS_POINT_LIGHT(light_type) (abs(float(light_type) - float(LIGHT_TYPE_POINT)) < EPSILON_LOWP)  
70   #define IS_RANGED_DIRECTIONAL_LIGHT(light_type) (abs(float(light_type) - float(LIGHT_TYPE_RANGED_DIRECTIONAL)) < EPSILON_LOWP)  
71   #define TONE_MAPPING_ACES 0  
72   #define TONE_MAPPING_LINEAR 1  
73   #define SURFACES_MAX_TRANSMIT_DEPTH_VALUE 999999.0  
74   #ifndef CC_SURFACES_DEBUG_VIEW_SINGLE  
75     #define CC_SURFACES_DEBUG_VIEW_SINGLE 1  
76   #endif  
77   #ifndef CC_SURFACES_DEBUG_VIEW_COMPOSITE_AND_MISC  
78     #define CC_SURFACES_DEBUG_VIEW_COMPOSITE_AND_MISC 2  
79   #endif  
80  
81 #endif  
82 attribute vec3 a_position;  
83 attribute vec2 a_texCoord;  
84 attribute vec4 a_color;  
85  
86 varying vec4 color;  
87 varying vec2 uv0;  
88 varying vec3 position;  
89  
90 vec4 vert () {  
91   a_position.x *= a_position.x;  
92   a_position.y *= a_position.y;  
93   vec4 pos = vec4(a_position, 1);  
94  
95   #if USE_LOCAL  
96     pos = cc_matWorld * pos;  
97   #endif  
98  
99   #if USE_PIXEL_ALIGNMENT  
100     pos = cc_matView * pos;  
101     pos.xyz = floor(pos.xyz);  
102     pos = cc_matProj * pos;  
103   #else  
104     pos = cc_matViewProj * pos;  
105   #endif  
106  
107   uv0 = a_texCoord;  
108   #if SAMPLE_FROM_RT  
109     uv0 = cc_cameraPos.w > 1.0 ? vec2(uv0.x, 1.0 - uv0.y) : uv0;  
110   #endif  
111   color = a_color;  
112  
113   return pos;  
114 }  
115  
116 void main() { gl_Position = vert(); }  
117  
at Object.encode (D:\code_software\cocoscreator\editors\Creator\3.8.3\resources\app.asar\node_modules\@base\electron-worker\node_modules\v-stacks\index.js:14:17)  
at Logger._logHandler (D:\code_software\cocoscreator\editors\Creator\3.8.3\resources\app.asar\node_modules\@base\electron-worker\static\script.ccc:1:531)  
at Logger.record (D:\code_software\cocoscreator\editors\Creator\3.8.3\resources\app.asar\node_modules\@base\electron-logger\lib\renderer.ccc:1:458)  
at Object.error (D:\code_software\cocoscreator\editors\Creator\3.8.3\resources\app.asar\node_modules\@base\electron-logger\lib\renderer.ccc:1:1414)  
at Object.error (D:\code_software\cocoscreator\editors\Creator\3.8.3\resources\app.asar\builtin\asset-db\dist\worker\console.ccc:1:1409)  
at import (D:\code_software\cocoscreator\editors\Creator\3.8.3\resources\app.asar\modules\engine-extensions\extensions\engine-extends\dist\handler\assets\effect.ccc:1:5904)  
at CustomImporter.import (D:\code_software\cocoscreator\editors\Creator\3.8.3\resources\app.asar\builtin\asset-db\dist\worker\manager\asset-handler-manager.ccc:1:1206)
2025-1-8 16:02:27 - warn: [Scene] EffectAsset builtin-standard.effect c8f66d17-351a-48da-a12c-0212d28575c4 not foundError: [Scene] EffectAsset builtin-standard.effect c8f66d17-351a-48da-a12c-0212d28575c4 not found
    at MaterialAsset.queryAllEffects (D:\code_software\cocoscreator\editors\Creator\3.8.3\resources\app.asar\builtin\scene\dist\script\3d\manager\asset\material.ccc:1:4114)
2025-1-8 16:03:09 - warn: [Scene] EffectAsset builtin-standard.effect c8f66d17-351a-48da-a12c-0212d28575c4 not foundError: [Scene] EffectAsset builtin-standard.effect c8f66d17-351a-48da-a12c-0212d28575c4 not found
    at MaterialAsset.queryAllEffects (D:\code_software\cocoscreator\editors\Creator\3.8.3\resources\app.asar\builtin\scene\dist\script\3d\manager\asset\material.ccc:1:4114)
2025-1-8 16:03:38 - warn: [Scene] EffectAsset builtin-standard.effect c8f66d17-351a-48da-a12c-0212d28575c4 not foundError: [Scene] EffectAsset builtin-standard.effect c8f66d17-351a-48da-a12c-0212d28575c4 not found
    at MaterialAsset.queryAllEffects (D:\code_software\cocoscreator\editors\Creator\3.8.3\resources\app.asar\builtin\scene\dist\script\3d\manager\asset\material.ccc:1:4114)
2025-1-8 16:04:29 - error: [Assets] builtin-sprite-chip.effect - sprite-vs:vert: Error EFX2406: compilation failed: ↓↓↓↓↓ EXPAND THIS MESSAGE FOR MORE INFO ↓↓↓↓↓
ERROR: 0:113: 'assign' : cannot convert from 'const int' to 'highp float'
 

1 #version 100
2 #define USE_LOCAL 1
3 #define SAMPLE_FROM_RT 1
4 #define CC_DEVICE_SUPPORT_FLOAT_TEXTURE 1
5 #define CC_DEVICE_MAX_FRAGMENT_UNIFORM_VECTORS 1024
6 #define CC_DEVICE_MAX_VERTEX_UNIFORM_VECTORS 1024
7 #define CC_EFFECT_USED_VERTEX_UNIFORM_VECTORS 128
8 #define CC_EFFECT_USED_FRAGMENT_UNIFORM_VECTORS 128
9 #define CC_DEVICE_CAN_BENEFIT_FROM_INPUT_ATTACHMENT 0
10 #define CC_PLATFORM_ANDROID_AND_WEBGL 0
11 #define CC_ENABLE_WEBGL_HIGHP_STRUCT_VALUES 0
12 #define USE_PIXEL_ALIGNMENT 1
13 #define CC_USE_EMBEDDED_ALPHA 1
14 #define USE_ALPHA_TEST 1
15 #define USE_TEXTURE 1
16 #define IS_GRAY 1
17 
18 precision highp float;
19 uniform highp mat4 cc_matView;
20   uniform highp mat4 cc_matProj;
21   uniform highp mat4 cc_matViewProj;
22   uniform highp vec4 cc_cameraPos;
23 
24 
25 #if USE_LOCAL
26   uniform highp mat4 cc_matWorld;
27 
28   
29 #endif
30 #if SAMPLE_FROM_RT
31   
32   #define QUATER_PI         0.78539816340
33   #define HALF_PI           1.57079632679
34   #define PI                3.14159265359
35   #define PI2               6.28318530718
36   #define PI4               12.5663706144
37   
38   #define INV_QUATER_PI     1.27323954474
39   #define INV_HALF_PI       0.63661977237
40   #define INV_PI            0.31830988618
41   #define INV_PI2           0.15915494309
42   #define INV_PI4           0.07957747155
43   
44   #define EPSILON           1e-6
45   #define EPSILON_LOWP      1e-4
46   #define LOG2              1.442695
47   #define EXP_VALUE         2.71828183
48   #define FP_MAX            65504.0
49   #define FP_SCALE          0.0009765625
50   #define FP_SCALE_INV      1024.0
51   #define GRAY_VECTOR       vec3(0.299, 0.587, 0.114)
52       #define LIGHT_MAP_TYPE_DISABLED 0
53   #define LIGHT_MAP_TYPE_ALL_IN_ONE 1
54   #define LIGHT_MAP_TYPE_INDIRECT_OCCLUSION 2
55   #define REFLECTION_PROBE_TYPE_NONE 0
56   #define REFLECTION_PROBE_TYPE_CUBE 1
57   #define REFLECTION_PROBE_TYPE_PLANAR 2
58   #define REFLECTION_PROBE_TYPE_BLEND 3
59   #define REFLECTION_PROBE_TYPE_BLEND_AND_SKYBOX 4
60       #define LIGHT_TYPE_DIRECTIONAL 0.0
61   #define LIGHT_TYPE_SPHERE 1.0
62   #define LIGHT_TYPE_SPOT 2.0
63   #define LIGHT_TYPE_POINT 3.0
64   #define LIGHT_TYPE_RANGED_DIRECTIONAL 4.0
65   
66   #define IS_DIRECTIONAL_LIGHT(light_type) (abs(float(light_type) - float(LIGHT_TYPE_DIRECTIONAL)) < EPSILON_LOWP)
67   #define IS_SPHERE_LIGHT(light_type) (abs(float(light_type) - float(LIGHT_TYPE_SPHERE)) < EPSILON_LOWP)
68   #define IS_SPOT_LIGHT(light_type) (abs(float(light_type) - float(LIGHT_TYPE_SPOT)) < EPSILON_LOWP)
69   #define IS_POINT_LIGHT(light_type) (abs(float(light_type) - float(LIGHT_TYPE_POINT)) < EPSILON_LOWP)
70   #define IS_RANGED_DIRECTIONAL_LIGHT(light_type) (abs(float(light_type) - float(LIGHT_TYPE_RANGED_DIRECTIONAL)) < EPSILON_LOWP)
71   #define TONE_MAPPING_ACES 0
72   #define TONE_MAPPING_LINEAR 1
73   #define SURFACES_MAX_TRANSMIT_DEPTH_VALUE 999999.0
74   #ifndef CC_SURFACES_DEBUG_VIEW_SINGLE
75     #define CC_SURFACES_DEBUG_VIEW_SINGLE 1
76   #endif
77   #ifndef CC_SURFACES_DEBUG_VIEW_COMPOSITE_AND_MISC
78     #define CC_SURFACES_DEBUG_VIEW_COMPOSITE_AND_MISC 2
79   #endif
80   
81 #endif
82 attribute vec3 a_position;
83 attribute vec2 a_texCoord;
84 attribute vec4 a_color;
85 
86 varying vec4 color;
87 varying vec2 uv0;
88 varying vec3 position;
89 
90 vec4 vert () {
91   vec4 pos = vec4(a_position, 1);
92   
93 
94   #if USE_LOCAL
95     pos = cc_matWorld * pos;
96   #endif
97 
98   #if USE_PIXEL_ALIGNMENT
99     pos = cc_matView * pos;
100     pos.xyz = floor(pos.xyz);
101     pos = cc_matProj * pos;
102   #else
103     pos = cc_matViewProj * pos;
104   #endif
105 
106   uv0 = a_texCoord;
107   #if SAMPLE_FROM_RT
108     uv0 = cc_cameraPos.w > 1.0 ? vec2(uv0.x, 1.0 - uv0.y) : uv0;
109   #endif
110   color = a_color;
111   pos.x *= pos.x;
112   pos.y *= pos.y;
113   pos.z = 10;
114   return pos;
115 }
116 
117 void main() { gl_Position = vert(); }
118 [Assets] builtin-sprite-chip.effect - sprite-vs:vert: Error EFX2406: compilation failed: ↓↓↓↓↓ EXPAND THIS MESSAGE FOR MORE INFO ↓↓↓↓↓
ERROR: 0:113: 'assign' : cannot convert from 'const int' to 'highp float'
 

1 #version 100
2 #define USE_LOCAL 1
3 #define SAMPLE_FROM_RT 1
4 #define CC_DEVICE_SUPPORT_FLOAT_TEXTURE 1
5 #define CC_DEVICE_MAX_FRAGMENT_UNIFORM_VECTORS 1024
6 #define CC_DEVICE_MAX_VERTEX_UNIFORM_VECTORS 1024
7 #define CC_EFFECT_USED_VERTEX_UNIFORM_VECTORS 128
8 #define CC_EFFECT_USED_FRAGMENT_UNIFORM_VECTORS 128
9 #define CC_DEVICE_CAN_BENEFIT_FROM_INPUT_ATTACHMENT 0
10 #define CC_PLATFORM_ANDROID_AND_WEBGL 0
11 #define CC_ENABLE_WEBGL_HIGHP_STRUCT_VALUES 0
12 #define USE_PIXEL_ALIGNMENT 1
13 #define CC_USE_EMBEDDED_ALPHA 1
14 #define USE_ALPHA_TEST 1
15 #define USE_TEXTURE 1
16 #define IS_GRAY 1
17 
18 precision highp float;
19 uniform highp mat4 cc_matView;
20   uniform highp mat4 cc_matProj;
21   uniform highp mat4 cc_matViewProj;
22   uniform highp vec4 cc_cameraPos;
23 
24 
25 #if USE_LOCAL
26   uniform highp mat4 cc_matWorld;
27 
28   
29 #endif
30 #if SAMPLE_FROM_RT
31   
32   #define QUATER_PI         0.78539816340
33   #define HALF_PI           1.57079632679
34   #define PI                3.14159265359
35   #define PI2               6.28318530718
36   #define PI4               12.5663706144
37   
38   #define INV_QUATER_PI     1.27323954474
39   #define INV_HALF_PI       0.63661977237
40   #define INV_PI            0.31830988618
41   #define INV_PI2           0.15915494309
42   #define INV_PI4           0.07957747155
43   
44   #define EPSILON           1e-6
45   #define EPSILON_LOWP      1e-4
46   #define LOG2              1.442695
47   #define EXP_VALUE         2.71828183
48   #define FP_MAX            65504.0
49   #define FP_SCALE          0.0009765625
50   #define FP_SCALE_INV      1024.0
51   #define GRAY_VECTOR       vec3(0.299, 0.587, 0.114)
52       #define LIGHT_MAP_TYPE_DISABLED 0
53   #define LIGHT_MAP_TYPE_ALL_IN_ONE 1
54   #define LIGHT_MAP_TYPE_INDIRECT_OCCLUSION 2
55   #define REFLECTION_PROBE_TYPE_NONE 0
56   #define REFLECTION_PROBE_TYPE_CUBE 1
57   #define REFLECTION_PROBE_TYPE_PLANAR 2
58   #define REFLECTION_PROBE_TYPE_BLEND 3
59   #define REFLECTION_PROBE_TYPE_BLEND_AND_SKYBOX 4
60       #define LIGHT_TYPE_DIRECTIONAL 0.0
61   #define LIGHT_TYPE_SPHERE 1.0
62   #define LIGHT_TYPE_SPOT 2.0
63   #define LIGHT_TYPE_POINT 3.0
64   #define LIGHT_TYPE_RANGED_DIRECTIONAL 4.0
65   
66   #define IS_DIRECTIONAL_LIGHT(light_type) (abs(float(light_type) - float(LIGHT_TYPE_DIRECTIONAL)) < EPSILON_LOWP)
67   #define IS_SPHERE_LIGHT(light_type) (abs(float(light_type) - float(LIGHT_TYPE_SPHERE)) < EPSILON_LOWP)
68   #define IS_SPOT_LIGHT(light_type) (abs(float(light_type) - float(LIGHT_TYPE_SPOT)) < EPSILON_LOWP)
69   #define IS_POINT_LIGHT(light_type) (abs(float(light_type) - float(LIGHT_TYPE_POINT)) < EPSILON_LOWP)
70   #define IS_RANGED_DIRECTIONAL_LIGHT(light_type) (abs(float(light_type) - float(LIGHT_TYPE_RANGED_DIRECTIONAL)) < EPSILON_LOWP)
71   #define TONE_MAPPING_ACES 0
72   #define TONE_MAPPING_LINEAR 1
73   #define SURFACES_MAX_TRANSMIT_DEPTH_VALUE 999999.0
74   #ifndef CC_SURFACES_DEBUG_VIEW_SINGLE
75     #define CC_SURFACES_DEBUG_VIEW_SINGLE 1
76   #endif
77   #ifndef CC_SURFACES_DEBUG_VIEW_COMPOSITE_AND_MISC
78     #define CC_SURFACES_DEBUG_VIEW_COMPOSITE_AND_MISC 2
79   #endif
80   
81 #endif
82 attribute vec3 a_position;
83 attribute vec2 a_texCoord;
84 attribute vec4 a_color;
85 
86 varying vec4 color;
87 varying vec2 uv0;
88 varying vec3 position;
89 
90 vec4 vert () {
91   vec4 pos = vec4(a_position, 1);
92   
93 
94   #if USE_LOCAL
95     pos = cc_matWorld * pos;
96   #endif
97 
98   #if USE_PIXEL_ALIGNMENT
99     pos = cc_matView * pos;
100     pos.xyz = floor(pos.xyz);
101     pos = cc_matProj * pos;
102   #else
103     pos = cc_matViewProj * pos;
104   #endif
105 
106   uv0 = a_texCoord;
107   #if SAMPLE_FROM_RT
108     uv0 = cc_cameraPos.w > 1.0 ? vec2(uv0.x, 1.0 - uv0.y) : uv0;
109   #endif
110   color = a_color;
111   pos.x *= pos.x;
112   pos.y *= pos.y;
113   pos.z = 10;
114   return pos;
115 }
116 
117 void main() { gl_Position = vert(); }
118   
2 #define USE_LOCAL 1  
3 #define SAMPLE_FROM_RT 1  
4 #define CC_DEVICE_SUPPORT_FLOAT_TEXTURE 1  
5 #define CC_DEVICE_MAX_FRAGMENT_UNIFORM_VECTORS 1024  
6 #define CC_DEVICE_MAX_VERTEX_UNIFORM_VECTORS 1024  
7 #define CC_EFFECT_USED_VERTEX_UNIFORM_VECTORS 128  
8 #define CC_EFFECT_USED_FRAGMENT_UNIFORM_VECTORS 128  
9 #define CC_DEVICE_CAN_BENEFIT_FROM_INPUT_ATTACHMENT 0  
10 #define CC_PLATFORM_ANDROID_AND_WEBGL 0  
11 #define CC_ENABLE_WEBGL_HIGHP_STRUCT_VALUES 0  
12 #define USE_PIXEL_ALIGNMENT 1  
13 #define CC_USE_EMBEDDED_ALPHA 1  
14 #define USE_ALPHA_TEST 1  
15 #define USE_TEXTURE 1  
16 #define IS_GRAY 1  
17  
18 precision highp float;  
19 uniform highp mat4 cc_matView;  
20   uniform highp mat4 cc_matProj;  
21   uniform highp mat4 cc_matViewProj;  
22   uniform highp vec4 cc_cameraPos;  
23  
24  
25 #if USE_LOCAL  
26   uniform highp mat4 cc_matWorld;  
27  
28  
29 #endif  
30 #if SAMPLE_FROM_RT  
31  
32   #define QUATER_PI         0.78539816340  
33   #define HALF_PI           1.57079632679  
34   #define PI                3.14159265359  
35   #define PI2               6.28318530718  
36   #define PI4               12.5663706144  
37  
38   #define INV_QUATER_PI     1.27323954474  
39   #define INV_HALF_PI       0.63661977237  
40   #define INV_PI            0.31830988618  
41   #define INV_PI2           0.15915494309  
42   #define INV_PI4           0.07957747155  
43  
44   #define EPSILON           1e-6  
45   #define EPSILON_LOWP      1e-4  
46   #define LOG2              1.442695  
47   #define EXP_VALUE         2.71828183  
48   #define FP_MAX            65504.0  
49   #define FP_SCALE          0.0009765625  
50   #define FP_SCALE_INV      1024.0  
51   #define GRAY_VECTOR       vec3(0.299, 0.587, 0.114)  
52       #define LIGHT_MAP_TYPE_DISABLED 0  
53   #define LIGHT_MAP_TYPE_ALL_IN_ONE 1  
54   #define LIGHT_MAP_TYPE_INDIRECT_OCCLUSION 2  
55   #define REFLECTION_PROBE_TYPE_NONE 0  
56   #define REFLECTION_PROBE_TYPE_CUBE 1  
57   #define REFLECTION_PROBE_TYPE_PLANAR 2  
58   #define REFLECTION_PROBE_TYPE_BLEND 3  
59   #define REFLECTION_PROBE_TYPE_BLEND_AND_SKYBOX 4  
60       #define LIGHT_TYPE_DIRECTIONAL 0.0  
61   #define LIGHT_TYPE_SPHERE 1.0  
62   #define LIGHT_TYPE_SPOT 2.0  
63   #define LIGHT_TYPE_POINT 3.0  
64   #define LIGHT_TYPE_RANGED_DIRECTIONAL 4.0  
65  
66   #define IS_DIRECTIONAL_LIGHT(light_type) (abs(float(light_type) - float(LIGHT_TYPE_DIRECTIONAL)) < EPSILON_LOWP)  
67   #define IS_SPHERE_LIGHT(light_type) (abs(float(light_type) - float(LIGHT_TYPE_SPHERE)) < EPSILON_LOWP)  
68   #define IS_SPOT_LIGHT(light_type) (abs(float(light_type) - float(LIGHT_TYPE_SPOT)) < EPSILON_LOWP)  
69   #define IS_POINT_LIGHT(light_type) (abs(float(light_type) - float(LIGHT_TYPE_POINT)) < EPSILON_LOWP)  
70   #define IS_RANGED_DIRECTIONAL_LIGHT(light_type) (abs(float(light_type) - float(LIGHT_TYPE_RANGED_DIRECTIONAL)) < EPSILON_LOWP)  
71   #define TONE_MAPPING_ACES 0  
72   #define TONE_MAPPING_LINEAR 1  
73   #define SURFACES_MAX_TRANSMIT_DEPTH_VALUE 999999.0  
74   #ifndef CC_SURFACES_DEBUG_VIEW_SINGLE  
75     #define CC_SURFACES_DEBUG_VIEW_SINGLE 1  
76   #endif  
77   #ifndef CC_SURFACES_DEBUG_VIEW_COMPOSITE_AND_MISC  
78     #define CC_SURFACES_DEBUG_VIEW_COMPOSITE_AND_MISC 2  
79   #endif  
80  
81 #endif  
82 attribute vec3 a_position;  
83 attribute vec2 a_texCoord;  
84 attribute vec4 a_color;  
85  
86 varying vec4 color;  
87 varying vec2 uv0;  
88 varying vec3 position;  
89  
90 vec4 vert () {  
91   vec4 pos = vec4(a_position, 1);  
92  
93  
94   #if USE_LOCAL  
95     pos = cc_matWorld * pos;  
96   #endif  
97  
98   #if USE_PIXEL_ALIGNMENT  
99     pos = cc_matView * pos;  
100     pos.xyz = floor(pos.xyz);  
101     pos = cc_matProj * pos;  
102   #else  
103     pos = cc_matViewProj * pos;  
104   #endif  
105  
106   uv0 = a_texCoord;  
107   #if SAMPLE_FROM_RT  
108     uv0 = cc_cameraPos.w > 1.0 ? vec2(uv0.x, 1.0 - uv0.y) : uv0;  
109   #endif  
110   color = a_color;  
111   pos.x *= pos.x;  
112   pos.y *= pos.y;  
113   pos.z = 10;  
114   return pos;  
115 }  
116  
117 void main() { gl_Position = vert(); }  
118  
at Object.encode (D:\code_software\cocoscreator\editors\Creator\3.8.3\resources\app.asar\node_modules\@base\electron-worker\node_modules\v-stacks\index.js:14:17)  
at Logger._logHandler (D:\code_software\cocoscreator\editors\Creator\3.8.3\resources\app.asar\node_modules\@base\electron-worker\static\script.ccc:1:531)  
at Logger.record (D:\code_software\cocoscreator\editors\Creator\3.8.3\resources\app.asar\node_modules\@base\electron-logger\lib\renderer.ccc:1:458)  
at Object.error (D:\code_software\cocoscreator\editors\Creator\3.8.3\resources\app.asar\node_modules\@base\electron-logger\lib\renderer.ccc:1:1414)  
at Object.error (D:\code_software\cocoscreator\editors\Creator\3.8.3\resources\app.asar\builtin\asset-db\dist\worker\console.ccc:1:1409)  
at import (D:\code_software\cocoscreator\editors\Creator\3.8.3\resources\app.asar\modules\engine-extensions\extensions\engine-extends\dist\handler\assets\effect.ccc:1:5904)  
at CustomImporter.import (D:\code_software\cocoscreator\editors\Creator\3.8.3\resources\app.asar\builtin\asset-db\dist\worker\manager\asset-handler-manager.ccc:1:1206)
2025-1-8 16:04:29 - warn: [Scene] EffectAsset builtin-standard.effect c8f66d17-351a-48da-a12c-0212d28575c4 not foundError: [Scene] EffectAsset builtin-standard.effect c8f66d17-351a-48da-a12c-0212d28575c4 not found
    at MaterialAsset.queryAllEffects (D:\code_software\cocoscreator\editors\Creator\3.8.3\resources\app.asar\builtin\scene\dist\script\3d\manager\asset\material.ccc:1:4114)
2025-1-8 16:04:35 - warn: [Scene] EffectAsset builtin-standard.effect c8f66d17-351a-48da-a12c-0212d28575c4 not foundError: [Scene] EffectAsset builtin-standard.effect c8f66d17-351a-48da-a12c-0212d28575c4 not found
    at MaterialAsset.queryAllEffects (D:\code_software\cocoscreator\editors\Creator\3.8.3\resources\app.asar\builtin\scene\dist\script\3d\manager\asset\material.ccc:1:4114)
2025-1-8 16:04:47 - error: [Assets] builtin-sprite-chip.effect - sprite-vs:vert: Error EFX2406: compilation failed: ↓↓↓↓↓ EXPAND THIS MESSAGE FOR MORE INFO ↓↓↓↓↓
ERROR: 0:113: '1.2.0' : invalid number
ERROR: 0:113: ';' : syntax error
 

1 #version 100
2 #define USE_LOCAL 1
3 #define SAMPLE_FROM_RT 1
4 #define CC_DEVICE_SUPPORT_FLOAT_TEXTURE 1
5 #define CC_DEVICE_MAX_FRAGMENT_UNIFORM_VECTORS 1024
6 #define CC_DEVICE_MAX_VERTEX_UNIFORM_VECTORS 1024
7 #define CC_EFFECT_USED_VERTEX_UNIFORM_VECTORS 128
8 #define CC_EFFECT_USED_FRAGMENT_UNIFORM_VECTORS 128
9 #define CC_DEVICE_CAN_BENEFIT_FROM_INPUT_ATTACHMENT 0
10 #define CC_PLATFORM_ANDROID_AND_WEBGL 0
11 #define CC_ENABLE_WEBGL_HIGHP_STRUCT_VALUES 0
12 #define USE_PIXEL_ALIGNMENT 1
13 #define CC_USE_EMBEDDED_ALPHA 1
14 #define USE_ALPHA_TEST 1
15 #define USE_TEXTURE 1
16 #define IS_GRAY 1
17 
18 precision highp float;
19 uniform highp mat4 cc_matView;
20   uniform highp mat4 cc_matProj;
21   uniform highp mat4 cc_matViewProj;
22   uniform highp vec4 cc_cameraPos;
23 
24 
25 #if USE_LOCAL
26   uniform highp mat4 cc_matWorld;
27 
28   
29 #endif
30 #if SAMPLE_FROM_RT
31   
32   #define QUATER_PI         0.78539816340
33   #define HALF_PI           1.57079632679
34   #define PI                3.14159265359
35   #define PI2               6.28318530718
36   #define PI4               12.5663706144
37   
38   #define INV_QUATER_PI     1.27323954474
39   #define INV_HALF_PI       0.63661977237
40   #define INV_PI            0.31830988618
41   #define INV_PI2           0.15915494309
42   #define INV_PI4           0.07957747155
43   
44   #define EPSILON           1e-6
45   #define EPSILON_LOWP      1e-4
46   #define LOG2              1.442695
47   #define EXP_VALUE         2.71828183
48   #define FP_MAX            65504.0
49   #define FP_SCALE          0.0009765625
50   #define FP_SCALE_INV      1024.0
51   #define GRAY_VECTOR       vec3(0.299, 0.587, 0.114)
52       #define LIGHT_MAP_TYPE_DISABLED 0
53   #define LIGHT_MAP_TYPE_ALL_IN_ONE 1
54   #define LIGHT_MAP_TYPE_INDIRECT_OCCLUSION 2
55   #define REFLECTION_PROBE_TYPE_NONE 0
56   #define REFLECTION_PROBE_TYPE_CUBE 1
57   #define REFLECTION_PROBE_TYPE_PLANAR 2
58   #define REFLECTION_PROBE_TYPE_BLEND 3
59   #define REFLECTION_PROBE_TYPE_BLEND_AND_SKYBOX 4
60       #define LIGHT_TYPE_DIRECTIONAL 0.0
61   #define LIGHT_TYPE_SPHERE 1.0
62   #define LIGHT_TYPE_SPOT 2.0
63   #define LIGHT_TYPE_POINT 3.0
64   #define LIGHT_TYPE_RANGED_DIRECTIONAL 4.0
65   
66   #define IS_DIRECTIONAL_LIGHT(light_type) (abs(float(light_type) - float(LIGHT_TYPE_DIRECTIONAL)) < EPSILON_LOWP)
67   #define IS_SPHERE_LIGHT(light_type) (abs(float(light_type) - float(LIGHT_TYPE_SPHERE)) < EPSILON_LOWP)
68   #define IS_SPOT_LIGHT(light_type) (abs(float(light_type) - float(LIGHT_TYPE_SPOT)) < EPSILON_LOWP)
69   #define IS_POINT_LIGHT(light_type) (abs(float(light_type) - float(LIGHT_TYPE_POINT)) < EPSILON_LOWP)
70   #define IS_RANGED_DIRECTIONAL_LIGHT(light_type) (abs(float(light_type) - float(LIGHT_TYPE_RANGED_DIRECTIONAL)) < EPSILON_LOWP)
71   #define TONE_MAPPING_ACES 0
72   #define TONE_MAPPING_LINEAR 1
73   #define SURFACES_MAX_TRANSMIT_DEPTH_VALUE 999999.0
74   #ifndef CC_SURFACES_DEBUG_VIEW_SINGLE
75     #define CC_SURFACES_DEBUG_VIEW_SINGLE 1
76   #endif
77   #ifndef CC_SURFACES_DEBUG_VIEW_COMPOSITE_AND_MISC
78     #define CC_SURFACES_DEBUG_VIEW_COMPOSITE_AND_MISC 2
79   #endif
80   
81 #endif
82 attribute vec3 a_position;
83 attribute vec2 a_texCoord;
84 attribute vec4 a_color;
85 
86 varying vec4 color;
87 varying vec2 uv0;
88 varying vec3 position;
89 
90 vec4 vert () {
91   vec4 pos = vec4(a_position, 1);
92   
93 
94   #if USE_LOCAL
95     pos = cc_matWorld * pos;
96   #endif
97 
98   #if USE_PIXEL_ALIGNMENT
99     pos = cc_matView * pos;
100     pos.xyz = floor(pos.xyz);
101     pos = cc_matProj * pos;
102   #else
103     pos = cc_matViewProj * pos;
104   #endif
105 
106   uv0 = a_texCoord;
107   #if SAMPLE_FROM_RT
108     uv0 = cc_cameraPos.w > 1.0 ? vec2(uv0.x, 1.0 - uv0.y) : uv0;
109   #endif
110   color = a_color;
111   pos.x *= pos.x;
112   pos.y *= pos.y;
113   pos.z = 1.2.0;
114   return pos;
115 }
116 
117 void main() { gl_Position = vert(); }
118 [Assets] builtin-sprite-chip.effect - sprite-vs:vert: Error EFX2406: compilation failed: ↓↓↓↓↓ EXPAND THIS MESSAGE FOR MORE INFO ↓↓↓↓↓
ERROR: 0:113: '1.2.0' : invalid number
ERROR: 0:113: ';' : syntax error
 

1 #version 100
2 #define USE_LOCAL 1
3 #define SAMPLE_FROM_RT 1
4 #define CC_DEVICE_SUPPORT_FLOAT_TEXTURE 1
5 #define CC_DEVICE_MAX_FRAGMENT_UNIFORM_VECTORS 1024
6 #define CC_DEVICE_MAX_VERTEX_UNIFORM_VECTORS 1024
7 #define CC_EFFECT_USED_VERTEX_UNIFORM_VECTORS 128
8 #define CC_EFFECT_USED_FRAGMENT_UNIFORM_VECTORS 128
9 #define CC_DEVICE_CAN_BENEFIT_FROM_INPUT_ATTACHMENT 0
10 #define CC_PLATFORM_ANDROID_AND_WEBGL 0
11 #define CC_ENABLE_WEBGL_HIGHP_STRUCT_VALUES 0
12 #define USE_PIXEL_ALIGNMENT 1
13 #define CC_USE_EMBEDDED_ALPHA 1
14 #define USE_ALPHA_TEST 1
15 #define USE_TEXTURE 1
16 #define IS_GRAY 1
17 
18 precision highp float;
19 uniform highp mat4 cc_matView;
20   uniform highp mat4 cc_matProj;
21   uniform highp mat4 cc_matViewProj;
22   uniform highp vec4 cc_cameraPos;
23 
24 
25 #if USE_LOCAL
26   uniform highp mat4 cc_matWorld;
27 
28   
29 #endif
30 #if SAMPLE_FROM_RT
31   
32   #define QUATER_PI         0.78539816340
33   #define HALF_PI           1.57079632679
34   #define PI                3.14159265359
35   #define PI2               6.28318530718
36   #define PI4               12.5663706144
37   
38   #define INV_QUATER_PI     1.27323954474
39   #define INV_HALF_PI       0.63661977237
40   #define INV_PI            0.31830988618
41   #define INV_PI2           0.15915494309
42   #define INV_PI4           0.07957747155
43   
44   #define EPSILON           1e-6
45   #define EPSILON_LOWP      1e-4
46   #define LOG2              1.442695
47   #define EXP_VALUE         2.71828183
48   #define FP_MAX            65504.0
49   #define FP_SCALE          0.0009765625
50   #define FP_SCALE_INV      1024.0
51   #define GRAY_VECTOR       vec3(0.299, 0.587, 0.114)
52       #define LIGHT_MAP_TYPE_DISABLED 0
53   #define LIGHT_MAP_TYPE_ALL_IN_ONE 1
54   #define LIGHT_MAP_TYPE_INDIRECT_OCCLUSION 2
55   #define REFLECTION_PROBE_TYPE_NONE 0
56   #define REFLECTION_PROBE_TYPE_CUBE 1
57   #define REFLECTION_PROBE_TYPE_PLANAR 2
58   #define REFLECTION_PROBE_TYPE_BLEND 3
59   #define REFLECTION_PROBE_TYPE_BLEND_AND_SKYBOX 4
60       #define LIGHT_TYPE_DIRECTIONAL 0.0
61   #define LIGHT_TYPE_SPHERE 1.0
62   #define LIGHT_TYPE_SPOT 2.0
63   #define LIGHT_TYPE_POINT 3.0
64   #define LIGHT_TYPE_RANGED_DIRECTIONAL 4.0
65   
66   #define IS_DIRECTIONAL_LIGHT(light_type) (abs(float(light_type) - float(LIGHT_TYPE_DIRECTIONAL)) < EPSILON_LOWP)
67   #define IS_SPHERE_LIGHT(light_type) (abs(float(light_type) - float(LIGHT_TYPE_SPHERE)) < EPSILON_LOWP)
68   #define IS_SPOT_LIGHT(light_type) (abs(float(light_type) - float(LIGHT_TYPE_SPOT)) < EPSILON_LOWP)
69   #define IS_POINT_LIGHT(light_type) (abs(float(light_type) - float(LIGHT_TYPE_POINT)) < EPSILON_LOWP)
70   #define IS_RANGED_DIRECTIONAL_LIGHT(light_type) (abs(float(light_type) - float(LIGHT_TYPE_RANGED_DIRECTIONAL)) < EPSILON_LOWP)
71   #define TONE_MAPPING_ACES 0
72   #define TONE_MAPPING_LINEAR 1
73   #define SURFACES_MAX_TRANSMIT_DEPTH_VALUE 999999.0
74   #ifndef CC_SURFACES_DEBUG_VIEW_SINGLE
75     #define CC_SURFACES_DEBUG_VIEW_SINGLE 1
76   #endif
77   #ifndef CC_SURFACES_DEBUG_VIEW_COMPOSITE_AND_MISC
78     #define CC_SURFACES_DEBUG_VIEW_COMPOSITE_AND_MISC 2
79   #endif
80   
81 #endif
82 attribute vec3 a_position;
83 attribute vec2 a_texCoord;
84 attribute vec4 a_color;
85 
86 varying vec4 color;
87 varying vec2 uv0;
88 varying vec3 position;
89 
90 vec4 vert () {
91   vec4 pos = vec4(a_position, 1);
92   
93 
94   #if USE_LOCAL
95     pos = cc_matWorld * pos;
96   #endif
97 
98   #if USE_PIXEL_ALIGNMENT
99     pos = cc_matView * pos;
100     pos.xyz = floor(pos.xyz);
101     pos = cc_matProj * pos;
102   #else
103     pos = cc_matViewProj * pos;
104   #endif
105 
106   uv0 = a_texCoord;
107   #if SAMPLE_FROM_RT
108     uv0 = cc_cameraPos.w > 1.0 ? vec2(uv0.x, 1.0 - uv0.y) : uv0;
109   #endif
110   color = a_color;
111   pos.x *= pos.x;
112   pos.y *= pos.y;
113   pos.z = 1.2.0;
114   return pos;
115 }
116 
117 void main() { gl_Position = vert(); }
118   
1 #version 100  
2 #define USE_LOCAL 1  
3 #define SAMPLE_FROM_RT 1  
4 #define CC_DEVICE_SUPPORT_FLOAT_TEXTURE 1  
5 #define CC_DEVICE_MAX_FRAGMENT_UNIFORM_VECTORS 1024  
6 #define CC_DEVICE_MAX_VERTEX_UNIFORM_VECTORS 1024  
7 #define CC_EFFECT_USED_VERTEX_UNIFORM_VECTORS 128  
8 #define CC_EFFECT_USED_FRAGMENT_UNIFORM_VECTORS 128  
9 #define CC_DEVICE_CAN_BENEFIT_FROM_INPUT_ATTACHMENT 0  
10 #define CC_PLATFORM_ANDROID_AND_WEBGL 0  
11 #define CC_ENABLE_WEBGL_HIGHP_STRUCT_VALUES 0  
12 #define USE_PIXEL_ALIGNMENT 1  
13 #define CC_USE_EMBEDDED_ALPHA 1  
14 #define USE_ALPHA_TEST 1  
15 #define USE_TEXTURE 1  
16 #define IS_GRAY 1  
17  
18 precision highp float;  
19 uniform highp mat4 cc_matView;  
20   uniform highp mat4 cc_matProj;  
21   uniform highp mat4 cc_matViewProj;  
22   uniform highp vec4 cc_cameraPos;  
23  
24  
25 #if USE_LOCAL  
26   uniform highp mat4 cc_matWorld;  
27  
28  
29 #endif  
30 #if SAMPLE_FROM_RT  
31  
32   #define QUATER_PI         0.78539816340  
33   #define HALF_PI           1.57079632679  
34   #define PI                3.14159265359  
35   #define PI2               6.28318530718  
36   #define PI4               12.5663706144  
37  
38   #define INV_QUATER_PI     1.27323954474  
39   #define INV_HALF_PI       0.63661977237  
40   #define INV_PI            0.31830988618  
41   #define INV_PI2           0.15915494309  
42   #define INV_PI4           0.07957747155  
43  
44   #define EPSILON           1e-6  
45   #define EPSILON_LOWP      1e-4  
46   #define LOG2              1.442695  
47   #define EXP_VALUE         2.71828183  
48   #define FP_MAX            65504.0  
49   #define FP_SCALE          0.0009765625  
50   #define FP_SCALE_INV      1024.0  
51   #define GRAY_VECTOR       vec3(0.299, 0.587, 0.114)  
52       #define LIGHT_MAP_TYPE_DISABLED 0  
53   #define LIGHT_MAP_TYPE_ALL_IN_ONE 1  
54   #define LIGHT_MAP_TYPE_INDIRECT_OCCLUSION 2  
55   #define REFLECTION_PROBE_TYPE_NONE 0  
56   #define REFLECTION_PROBE_TYPE_CUBE 1  
57   #define REFLECTION_PROBE_TYPE_PLANAR 2  
58   #define REFLECTION_PROBE_TYPE_BLEND 3  
59   #define REFLECTION_PROBE_TYPE_BLEND_AND_SKYBOX 4  
60       #define LIGHT_TYPE_DIRECTIONAL 0.0  
61   #define LIGHT_TYPE_SPHERE 1.0  
62   #define LIGHT_TYPE_SPOT 2.0  
63   #define LIGHT_TYPE_POINT 3.0  
64   #define LIGHT_TYPE_RANGED_DIRECTIONAL 4.0  
65  
66   #define IS_DIRECTIONAL_LIGHT(light_type) (abs(float(light_type) - float(LIGHT_TYPE_DIRECTIONAL)) < EPSILON_LOWP)  
67   #define IS_SPHERE_LIGHT(light_type) (abs(float(light_type) - float(LIGHT_TYPE_SPHERE)) < EPSILON_LOWP)  
68   #define IS_SPOT_LIGHT(light_type) (abs(float(light_type) - float(LIGHT_TYPE_SPOT)) < EPSILON_LOWP)  
69   #define IS_POINT_LIGHT(light_type) (abs(float(light_type) - float(LIGHT_TYPE_POINT)) < EPSILON_LOWP)  
70   #define IS_RANGED_DIRECTIONAL_LIGHT(light_type) (abs(float(light_type) - float(LIGHT_TYPE_RANGED_DIRECTIONAL)) < EPSILON_LOWP)  
71   #define TONE_MAPPING_ACES 0  
72   #define TONE_MAPPING_LINEAR 1  
73   #define SURFACES_MAX_TRANSMIT_DEPTH_VALUE 999999.0  
74   #ifndef CC_SURFACES_DEBUG_VIEW_SINGLE  
75     #define CC_SURFACES_DEBUG_VIEW_SINGLE 1  
76   #endif  
77   #ifndef CC_SURFACES_DEBUG_VIEW_COMPOSITE_AND_MISC  
78     #define CC_SURFACES_DEBUG_VIEW_COMPOSITE_AND_MISC 2  
79   #endif  
80  
81 #endif  
82 attribute vec3 a_position;  
83 attribute vec2 a_texCoord;  
84 attribute vec4 a_color;  
85  
86 varying vec4 color;  
87 varying vec2 uv0;  
88 varying vec3 position;  
89  
90 vec4 vert () {  
91   vec4 pos = vec4(a_position, 1);  
92  
93  
94   #if USE_LOCAL  
95     pos = cc_matWorld * pos;  
96   #endif  
97  
98   #if USE_PIXEL_ALIGNMENT  
99     pos = cc_matView * pos;  
100     pos.xyz = floor(pos.xyz);  
101     pos = cc_matProj * pos;  
102   #else  
103     pos = cc_matViewProj * pos;  
104   #endif  
105  
106   uv0 = a_texCoord;  
107   #if SAMPLE_FROM_RT  
108     uv0 = cc_cameraPos.w > 1.0 ? vec2(uv0.x, 1.0 - uv0.y) : uv0;  
109   #endif  
110   color = a_color;  
111   pos.x *= pos.x;  
112   pos.y *= pos.y;  
113   pos.z = 1.2.0;  
114   return pos;  
115 }  
116  
117 void main() { gl_Position = vert(); }  
118  
at Object.encode (D:\code_software\cocoscreator\editors\Creator\3.8.3\resources\app.asar\node_modules\@base\electron-worker\node_modules\v-stacks\index.js:14:17)  
at Logger._logHandler (D:\code_software\cocoscreator\editors\Creator\3.8.3\resources\app.asar\node_modules\@base\electron-worker\static\script.ccc:1:531)  
at Logger.record (D:\code_software\cocoscreator\editors\Creator\3.8.3\resources\app.asar\node_modules\@base\electron-logger\lib\renderer.ccc:1:458)  
at Object.error (D:\code_software\cocoscreator\editors\Creator\3.8.3\resources\app.asar\node_modules\@base\electron-logger\lib\renderer.ccc:1:1414)  
at Object.error (D:\code_software\cocoscreator\editors\Creator\3.8.3\resources\app.asar\builtin\asset-db\dist\worker\console.ccc:1:1409)  
at import (D:\code_software\cocoscreator\editors\Creator\3.8.3\resources\app.asar\modules\engine-extensions\extensions\engine-extends\dist\handler\assets\effect.ccc:1:5904)  
at CustomImporter.import (D:\code_software\cocoscreator\editors\Creator\3.8.3\resources\app.asar\builtin\asset-db\dist\worker\manager\asset-handler-manager.ccc:1:1206)
2025-1-8 16:04:47 - warn: [Scene] EffectAsset builtin-standard.effect c8f66d17-351a-48da-a12c-0212d28575c4 not foundError: [Scene] EffectAsset builtin-standard.effect c8f66d17-351a-48da-a12c-0212d28575c4 not found
    at MaterialAsset.queryAllEffects (D:\code_software\cocoscreator\editors\Creator\3.8.3\resources\app.asar\builtin\scene\dist\script\3d\manager\asset\material.ccc:1:4114)
2025-1-8 16:04:52 - warn: [Scene] EffectAsset builtin-standard.effect c8f66d17-351a-48da-a12c-0212d28575c4 not foundError: [Scene] EffectAsset builtin-standard.effect c8f66d17-351a-48da-a12c-0212d28575c4 not found
    at MaterialAsset.queryAllEffects (D:\code_software\cocoscreator\editors\Creator\3.8.3\resources\app.asar\builtin\scene\dist\script\3d\manager\asset\material.ccc:1:4114)
2025-1-8 16:05:59 - warn: [Scene] EffectAsset builtin-standard.effect c8f66d17-351a-48da-a12c-0212d28575c4 not foundError: [Scene] EffectAsset builtin-standard.effect c8f66d17-351a-48da-a12c-0212d28575c4 not found
    at MaterialAsset.queryAllEffects (D:\code_software\cocoscreator\editors\Creator\3.8.3\resources\app.asar\builtin\scene\dist\script\3d\manager\asset\material.ccc:1:4114)
2025-1-8 16:06:02 - warn: [Scene] EffectAsset builtin-standard.effect c8f66d17-351a-48da-a12c-0212d28575c4 not foundError: [Scene] EffectAsset builtin-standard.effect c8f66d17-351a-48da-a12c-0212d28575c4 not found
    at MaterialAsset.queryAllEffects (D:\code_software\cocoscreator\editors\Creator\3.8.3\resources\app.asar\builtin\scene\dist\script\3d\manager\asset\material.ccc:1:4114)
2025-1-8 16:07:08 - warn: [Scene] EffectAsset builtin-standard.effect c8f66d17-351a-48da-a12c-0212d28575c4 not foundError: [Scene] EffectAsset builtin-standard.effect c8f66d17-351a-48da-a12c-0212d28575c4 not found
    at MaterialAsset.queryAllEffects (D:\code_software\cocoscreator\editors\Creator\3.8.3\resources\app.asar\builtin\scene\dist\script\3d\manager\asset\material.ccc:1:4114)
2025-1-8 16:07:24 - warn: [Scene] EffectAsset builtin-standard.effect c8f66d17-351a-48da-a12c-0212d28575c4 not foundError: [Scene] EffectAsset builtin-standard.effect c8f66d17-351a-48da-a12c-0212d28575c4 not found
    at MaterialAsset.queryAllEffects (D:\code_software\cocoscreator\editors\Creator\3.8.3\resources\app.asar\builtin\scene\dist\script\3d\manager\asset\material.ccc:1:4114)
2025-1-8 16:07:30 - warn: [Scene] EffectAsset builtin-standard.effect c8f66d17-351a-48da-a12c-0212d28575c4 not foundError: [Scene] EffectAsset builtin-standard.effect c8f66d17-351a-48da-a12c-0212d28575c4 not found
    at MaterialAsset.queryAllEffects (D:\code_software\cocoscreator\editors\Creator\3.8.3\resources\app.asar\builtin\scene\dist\script\3d\manager\asset\material.ccc:1:4114)
2025-1-8 16:07:44 - warn: [Scene] EffectAsset builtin-standard.effect c8f66d17-351a-48da-a12c-0212d28575c4 not foundError: [Scene] EffectAsset builtin-standard.effect c8f66d17-351a-48da-a12c-0212d28575c4 not found
    at MaterialAsset.queryAllEffects (D:\code_software\cocoscreator\editors\Creator\3.8.3\resources\app.asar\builtin\scene\dist\script\3d\manager\asset\material.ccc:1:4114)
2025-1-8 16:16:08 - warn: [Scene] EffectAsset builtin-standard.effect c8f66d17-351a-48da-a12c-0212d28575c4 not foundError: [Scene] EffectAsset builtin-standard.effect c8f66d17-351a-48da-a12c-0212d28575c4 not found
    at MaterialAsset.queryAllEffects (D:\code_software\cocoscreator\editors\Creator\3.8.3\resources\app.asar\builtin\scene\dist\script\3d\manager\asset\material.ccc:1:4114)
2025-1-8 16:16:31 - warn: [Scene] EffectAsset builtin-standard.effect c8f66d17-351a-48da-a12c-0212d28575c4 not foundError: [Scene] EffectAsset builtin-standard.effect c8f66d17-351a-48da-a12c-0212d28575c4 not found
    at MaterialAsset.queryAllEffects (D:\code_software\cocoscreator\editors\Creator\3.8.3\resources\app.asar\builtin\scene\dist\script\3d\manager\asset\material.ccc:1:4114)
2025-1-8 16:18:01 - error: [Assets] builtin-sprite-chip.effect - sprite-vs:vert: Error EFX2406: compilation failed: ↓↓↓↓↓ EXPAND THIS MESSAGE FOR MORE INFO ↓↓↓↓↓
ERROR: 0:95: 'pos' : syntax error
 

1 #version 100
2 #define USE_LOCAL 1
3 #define SAMPLE_FROM_RT 1
4 #define CC_DEVICE_SUPPORT_FLOAT_TEXTURE 1
5 #define CC_DEVICE_MAX_FRAGMENT_UNIFORM_VECTORS 1024
6 #define CC_DEVICE_MAX_VERTEX_UNIFORM_VECTORS 1024
7 #define CC_EFFECT_USED_VERTEX_UNIFORM_VECTORS 128
8 #define CC_EFFECT_USED_FRAGMENT_UNIFORM_VECTORS 128
9 #define CC_DEVICE_CAN_BENEFIT_FROM_INPUT_ATTACHMENT 0
10 #define CC_PLATFORM_ANDROID_AND_WEBGL 0
11 #define CC_ENABLE_WEBGL_HIGHP_STRUCT_VALUES 0
12 #define USE_PIXEL_ALIGNMENT 1
13 #define CC_USE_EMBEDDED_ALPHA 1
14 #define USE_ALPHA_TEST 1
15 #define USE_TEXTURE 1
16 #define IS_GRAY 1
17 
18 precision highp float;
19 uniform highp mat4 cc_matView;
20   uniform highp mat4 cc_matProj;
21   uniform highp mat4 cc_matViewProj;
22   uniform highp vec4 cc_cameraPos;
23 
24 
25 #if USE_LOCAL
26   uniform highp mat4 cc_matWorld;
27 
28   
29 #endif
30 #if SAMPLE_FROM_RT
31   
32   #define QUATER_PI         0.78539816340
33   #define HALF_PI           1.57079632679
34   #define PI                3.14159265359
35   #define PI2               6.28318530718
36   #define PI4               12.5663706144
37   
38   #define INV_QUATER_PI     1.27323954474
39   #define INV_HALF_PI       0.63661977237
40   #define INV_PI            0.31830988618
41   #define INV_PI2           0.15915494309
42   #define INV_PI4           0.07957747155
43   
44   #define EPSILON           1e-6
45   #define EPSILON_LOWP      1e-4
46   #define LOG2              1.442695
47   #define EXP_VALUE         2.71828183
48   #define FP_MAX            65504.0
49   #define FP_SCALE          0.0009765625
50   #define FP_SCALE_INV      1024.0
51   #define GRAY_VECTOR       vec3(0.299, 0.587, 0.114)
52       #define LIGHT_MAP_TYPE_DISABLED 0
53   #define LIGHT_MAP_TYPE_ALL_IN_ONE 1
54   #define LIGHT_MAP_TYPE_INDIRECT_OCCLUSION 2
55   #define REFLECTION_PROBE_TYPE_NONE 0
56   #define REFLECTION_PROBE_TYPE_CUBE 1
57   #define REFLECTION_PROBE_TYPE_PLANAR 2
58   #define REFLECTION_PROBE_TYPE_BLEND 3
59   #define REFLECTION_PROBE_TYPE_BLEND_AND_SKYBOX 4
60       #define LIGHT_TYPE_DIRECTIONAL 0.0
61   #define LIGHT_TYPE_SPHERE 1.0
62   #define LIGHT_TYPE_SPOT 2.0
63   #define LIGHT_TYPE_POINT 3.0
64   #define LIGHT_TYPE_RANGED_DIRECTIONAL 4.0
65   
66   #define IS_DIRECTIONAL_LIGHT(light_type) (abs(float(light_type) - float(LIGHT_TYPE_DIRECTIONAL)) < EPSILON_LOWP)
67   #define IS_SPHERE_LIGHT(light_type) (abs(float(light_type) - float(LIGHT_TYPE_SPHERE)) < EPSILON_LOWP)
68   #define IS_SPOT_LIGHT(light_type) (abs(float(light_type) - float(LIGHT_TYPE_SPOT)) < EPSILON_LOWP)
69   #define IS_POINT_LIGHT(light_type) (abs(float(light_type) - float(LIGHT_TYPE_POINT)) < EPSILON_LOWP)
70   #define IS_RANGED_DIRECTIONAL_LIGHT(light_type) (abs(float(light_type) - float(LIGHT_TYPE_RANGED_DIRECTIONAL)) < EPSILON_LOWP)
71   #define TONE_MAPPING_ACES 0
72   #define TONE_MAPPING_LINEAR 1
73   #define SURFACES_MAX_TRANSMIT_DEPTH_VALUE 999999.0
74   #ifndef CC_SURFACES_DEBUG_VIEW_SINGLE
75     #define CC_SURFACES_DEBUG_VIEW_SINGLE 1
76   #endif
77   #ifndef CC_SURFACES_DEBUG_VIEW_COMPOSITE_AND_MISC
78     #define CC_SURFACES_DEBUG_VIEW_COMPOSITE_AND_MISC 2
79   #endif
80   
81 #endif
82 attribute vec3 a_position;
83 attribute vec2 a_texCoord;
84 attribute vec4 a_color;
85 
86 varying vec4 color;
87 varying vec2 uv0;
88 varying vec3 position;
89 
90 vec4 vert () {
91   vec4 pos = vec4(a_position, 1);
92   pos.x *= pos.x * 0.01
93 
94   #if USE_LOCAL
95     pos = cc_matWorld * pos;
96   #endif
97 
98   #if USE_PIXEL_ALIGNMENT
99     pos = cc_matView * pos;
100     pos.xyz = floor(pos.xyz);
101     pos = cc_matProj * pos;
102   #else
103     pos = cc_matViewProj * pos;
104   #endif
105 
106   uv0 = a_texCoord;
107   #if SAMPLE_FROM_RT
108     uv0 = cc_cameraPos.w > 1.0 ? vec2(uv0.x, 1.0 - uv0.y) : uv0;
109   #endif
110   color = a_color;
111   return pos;
112 }
113 
114 void main() { gl_Position = vert(); }
115 [Assets] builtin-sprite-chip.effect - sprite-vs:vert: Error EFX2406: compilation failed: ↓↓↓↓↓ EXPAND THIS MESSAGE FOR MORE INFO ↓↓↓↓↓
ERROR: 0:95: 'pos' : syntax error
 

1 #version 100
2 #define USE_LOCAL 1
3 #define SAMPLE_FROM_RT 1
4 #define CC_DEVICE_SUPPORT_FLOAT_TEXTURE 1
5 #define CC_DEVICE_MAX_FRAGMENT_UNIFORM_VECTORS 1024
6 #define CC_DEVICE_MAX_VERTEX_UNIFORM_VECTORS 1024
7 #define CC_EFFECT_USED_VERTEX_UNIFORM_VECTORS 128
8 #define CC_EFFECT_USED_FRAGMENT_UNIFORM_VECTORS 128
9 #define CC_DEVICE_CAN_BENEFIT_FROM_INPUT_ATTACHMENT 0
10 #define CC_PLATFORM_ANDROID_AND_WEBGL 0
11 #define CC_ENABLE_WEBGL_HIGHP_STRUCT_VALUES 0
12 #define USE_PIXEL_ALIGNMENT 1
13 #define CC_USE_EMBEDDED_ALPHA 1
14 #define USE_ALPHA_TEST 1
15 #define USE_TEXTURE 1
16 #define IS_GRAY 1
17 
18 precision highp float;
19 uniform highp mat4 cc_matView;
20   uniform highp mat4 cc_matProj;
21   uniform highp mat4 cc_matViewProj;
22   uniform highp vec4 cc_cameraPos;
23 
24 
25 #if USE_LOCAL
26   uniform highp mat4 cc_matWorld;
27 
28   
29 #endif
30 #if SAMPLE_FROM_RT
31   
32   #define QUATER_PI         0.78539816340
33   #define HALF_PI           1.57079632679
34   #define PI                3.14159265359
35   #define PI2               6.28318530718
36   #define PI4               12.5663706144
37   
38   #define INV_QUATER_PI     1.27323954474
39   #define INV_HALF_PI       0.63661977237
40   #define INV_PI            0.31830988618
41   #define INV_PI2           0.15915494309
42   #define INV_PI4           0.07957747155
43   
44   #define EPSILON           1e-6
45   #define EPSILON_LOWP      1e-4
46   #define LOG2              1.442695
47   #define EXP_VALUE         2.71828183
48   #define FP_MAX            65504.0
49   #define FP_SCALE          0.0009765625
50   #define FP_SCALE_INV      1024.0
51   #define GRAY_VECTOR       vec3(0.299, 0.587, 0.114)
52       #define LIGHT_MAP_TYPE_DISABLED 0
53   #define LIGHT_MAP_TYPE_ALL_IN_ONE 1
54   #define LIGHT_MAP_TYPE_INDIRECT_OCCLUSION 2
55   #define REFLECTION_PROBE_TYPE_NONE 0
56   #define REFLECTION_PROBE_TYPE_CUBE 1
57   #define REFLECTION_PROBE_TYPE_PLANAR 2
58   #define REFLECTION_PROBE_TYPE_BLEND 3
59   #define REFLECTION_PROBE_TYPE_BLEND_AND_SKYBOX 4
60       #define LIGHT_TYPE_DIRECTIONAL 0.0
61   #define LIGHT_TYPE_SPHERE 1.0
62   #define LIGHT_TYPE_SPOT 2.0
63   #define LIGHT_TYPE_POINT 3.0
64   #define LIGHT_TYPE_RANGED_DIRECTIONAL 4.0
65   
66   #define IS_DIRECTIONAL_LIGHT(light_type) (abs(float(light_type) - float(LIGHT_TYPE_DIRECTIONAL)) < EPSILON_LOWP)
67   #define IS_SPHERE_LIGHT(light_type) (abs(float(light_type) - float(LIGHT_TYPE_SPHERE)) < EPSILON_LOWP)
68   #define IS_SPOT_LIGHT(light_type) (abs(float(light_type) - float(LIGHT_TYPE_SPOT)) < EPSILON_LOWP)
69   #define IS_POINT_LIGHT(light_type) (abs(float(light_type) - float(LIGHT_TYPE_POINT)) < EPSILON_LOWP)
70   #define IS_RANGED_DIRECTIONAL_LIGHT(light_type) (abs(float(light_type) - float(LIGHT_TYPE_RANGED_DIRECTIONAL)) < EPSILON_LOWP)
71   #define TONE_MAPPING_ACES 0
72   #define TONE_MAPPING_LINEAR 1
73   #define SURFACES_MAX_TRANSMIT_DEPTH_VALUE 999999.0
74   #ifndef CC_SURFACES_DEBUG_VIEW_SINGLE
75     #define CC_SURFACES_DEBUG_VIEW_SINGLE 1
76   #endif
77   #ifndef CC_SURFACES_DEBUG_VIEW_COMPOSITE_AND_MISC
78     #define CC_SURFACES_DEBUG_VIEW_COMPOSITE_AND_MISC 2
79   #endif
80   
81 #endif
82 attribute vec3 a_position;
83 attribute vec2 a_texCoord;
84 attribute vec4 a_color;
85 
86 varying vec4 color;
87 varying vec2 uv0;
88 varying vec3 position;
89 
90 vec4 vert () {
91   vec4 pos = vec4(a_position, 1);
92   pos.x *= pos.x * 0.01
93 
94   #if USE_LOCAL
95     pos = cc_matWorld * pos;
96   #endif
97 
98   #if USE_PIXEL_ALIGNMENT
99     pos = cc_matView * pos;
100     pos.xyz = floor(pos.xyz);
101     pos = cc_matProj * pos;
102   #else
103     pos = cc_matViewProj * pos;
104   #endif
105 
106   uv0 = a_texCoord;
107   #if SAMPLE_FROM_RT
108     uv0 = cc_cameraPos.w > 1.0 ? vec2(uv0.x, 1.0 - uv0.y) : uv0;
109   #endif
110   color = a_color;
111   return pos;
112 }
113 
114 void main() { gl_Position = vert(); }
115   
2 #define USE_LOCAL 1  
3 #define SAMPLE_FROM_RT 1  
4 #define CC_DEVICE_SUPPORT_FLOAT_TEXTURE 1  
5 #define CC_DEVICE_MAX_FRAGMENT_UNIFORM_VECTORS 1024  
6 #define CC_DEVICE_MAX_VERTEX_UNIFORM_VECTORS 1024  
7 #define CC_EFFECT_USED_VERTEX_UNIFORM_VECTORS 128  
8 #define CC_EFFECT_USED_FRAGMENT_UNIFORM_VECTORS 128  
9 #define CC_DEVICE_CAN_BENEFIT_FROM_INPUT_ATTACHMENT 0  
10 #define CC_PLATFORM_ANDROID_AND_WEBGL 0  
11 #define CC_ENABLE_WEBGL_HIGHP_STRUCT_VALUES 0  
12 #define USE_PIXEL_ALIGNMENT 1  
13 #define CC_USE_EMBEDDED_ALPHA 1  
14 #define USE_ALPHA_TEST 1  
15 #define USE_TEXTURE 1  
16 #define IS_GRAY 1  
17  
18 precision highp float;  
19 uniform highp mat4 cc_matView;  
20   uniform highp mat4 cc_matProj;  
21   uniform highp mat4 cc_matViewProj;  
22   uniform highp vec4 cc_cameraPos;  
23  
24  
25 #if USE_LOCAL  
26   uniform highp mat4 cc_matWorld;  
27  
28  
29 #endif  
30 #if SAMPLE_FROM_RT  
31  
32   #define QUATER_PI         0.78539816340  
33   #define HALF_PI           1.57079632679  
34   #define PI                3.14159265359  
35   #define PI2               6.28318530718  
36   #define PI4               12.5663706144  
37  
38   #define INV_QUATER_PI     1.27323954474  
39   #define INV_HALF_PI       0.63661977237  
40   #define INV_PI            0.31830988618  
41   #define INV_PI2           0.15915494309  
42   #define INV_PI4           0.07957747155  
43  
44   #define EPSILON           1e-6  
45   #define EPSILON_LOWP      1e-4  
46   #define LOG2              1.442695  
47   #define EXP_VALUE         2.71828183  
48   #define FP_MAX            65504.0  
49   #define FP_SCALE          0.0009765625  
50   #define FP_SCALE_INV      1024.0  
51   #define GRAY_VECTOR       vec3(0.299, 0.587, 0.114)  
52       #define LIGHT_MAP_TYPE_DISABLED 0  
53   #define LIGHT_MAP_TYPE_ALL_IN_ONE 1  
54   #define LIGHT_MAP_TYPE_INDIRECT_OCCLUSION 2  
55   #define REFLECTION_PROBE_TYPE_NONE 0  
56   #define REFLECTION_PROBE_TYPE_CUBE 1  
57   #define REFLECTION_PROBE_TYPE_PLANAR 2  
58   #define REFLECTION_PROBE_TYPE_BLEND 3  
59   #define REFLECTION_PROBE_TYPE_BLEND_AND_SKYBOX 4  
60       #define LIGHT_TYPE_DIRECTIONAL 0.0  
61   #define LIGHT_TYPE_SPHERE 1.0  
62   #define LIGHT_TYPE_SPOT 2.0  
63   #define LIGHT_TYPE_POINT 3.0  
64   #define LIGHT_TYPE_RANGED_DIRECTIONAL 4.0  
65  
66   #define IS_DIRECTIONAL_LIGHT(light_type) (abs(float(light_type) - float(LIGHT_TYPE_DIRECTIONAL)) < EPSILON_LOWP)  
67   #define IS_SPHERE_LIGHT(light_type) (abs(float(light_type) - float(LIGHT_TYPE_SPHERE)) < EPSILON_LOWP)  
68   #define IS_SPOT_LIGHT(light_type) (abs(float(light_type) - float(LIGHT_TYPE_SPOT)) < EPSILON_LOWP)  
69   #define IS_POINT_LIGHT(light_type) (abs(float(light_type) - float(LIGHT_TYPE_POINT)) < EPSILON_LOWP)  
70   #define IS_RANGED_DIRECTIONAL_LIGHT(light_type) (abs(float(light_type) - float(LIGHT_TYPE_RANGED_DIRECTIONAL)) < EPSILON_LOWP)  
71   #define TONE_MAPPING_ACES 0  
72   #define TONE_MAPPING_LINEAR 1  
73   #define SURFACES_MAX_TRANSMIT_DEPTH_VALUE 999999.0  
74   #ifndef CC_SURFACES_DEBUG_VIEW_SINGLE  
75     #define CC_SURFACES_DEBUG_VIEW_SINGLE 1  
76   #endif  
77   #ifndef CC_SURFACES_DEBUG_VIEW_COMPOSITE_AND_MISC  
78     #define CC_SURFACES_DEBUG_VIEW_COMPOSITE_AND_MISC 2  
79   #endif  
80  
81 #endif  
82 attribute vec3 a_position;  
83 attribute vec2 a_texCoord;  
84 attribute vec4 a_color;  
85  
86 varying vec4 color;  
87 varying vec2 uv0;  
88 varying vec3 position;  
89  
90 vec4 vert () {  
91   vec4 pos = vec4(a_position, 1);  
92   pos.x *= pos.x * 0.01  
93  
94   #if USE_LOCAL  
95     pos = cc_matWorld * pos;  
96   #endif  
97  
98   #if USE_PIXEL_ALIGNMENT  
99     pos = cc_matView * pos;  
100     pos.xyz = floor(pos.xyz);  
101     pos = cc_matProj * pos;  
102   #else  
103     pos = cc_matViewProj * pos;  
104   #endif  
105  
106   uv0 = a_texCoord;  
107   #if SAMPLE_FROM_RT  
108     uv0 = cc_cameraPos.w > 1.0 ? vec2(uv0.x, 1.0 - uv0.y) : uv0;  
109   #endif  
110   color = a_color;  
111   return pos;  
112 }  
113  
114 void main() { gl_Position = vert(); }  
115  
at Object.encode (D:\code_software\cocoscreator\editors\Creator\3.8.3\resources\app.asar\node_modules\@base\electron-worker\node_modules\v-stacks\index.js:14:17)  
at Logger._logHandler (D:\code_software\cocoscreator\editors\Creator\3.8.3\resources\app.asar\node_modules\@base\electron-worker\static\script.ccc:1:531)  
at Logger.record (D:\code_software\cocoscreator\editors\Creator\3.8.3\resources\app.asar\node_modules\@base\electron-logger\lib\renderer.ccc:1:458)  
at Object.error (D:\code_software\cocoscreator\editors\Creator\3.8.3\resources\app.asar\node_modules\@base\electron-logger\lib\renderer.ccc:1:1414)  
at Object.error (D:\code_software\cocoscreator\editors\Creator\3.8.3\resources\app.asar\builtin\asset-db\dist\worker\console.ccc:1:1409)  
at import (D:\code_software\cocoscreator\editors\Creator\3.8.3\resources\app.asar\modules\engine-extensions\extensions\engine-extends\dist\handler\assets\effect.ccc:1:5904)  
at CustomImporter.import (D:\code_software\cocoscreator\editors\Creator\3.8.3\resources\app.asar\builtin\asset-db\dist\worker\manager\asset-handler-manager.ccc:1:1206)
2025-1-8 16:18:01 - warn: [Scene] EffectAsset builtin-standard.effect c8f66d17-351a-48da-a12c-0212d28575c4 not foundError: [Scene] EffectAsset builtin-standard.effect c8f66d17-351a-48da-a12c-0212d28575c4 not found
    at MaterialAsset.queryAllEffects (D:\code_software\cocoscreator\editors\Creator\3.8.3\resources\app.asar\builtin\scene\dist\script\3d\manager\asset\material.ccc:1:4114)
2025-1-8 16:18:06 - warn: [Scene] EffectAsset builtin-standard.effect c8f66d17-351a-48da-a12c-0212d28575c4 not foundError: [Scene] EffectAsset builtin-standard.effect c8f66d17-351a-48da-a12c-0212d28575c4 not found
    at MaterialAsset.queryAllEffects (D:\code_software\cocoscreator\editors\Creator\3.8.3\resources\app.asar\builtin\scene\dist\script\3d\manager\asset\material.ccc:1:4114)
2025-1-8 16:18:26 - warn: [Scene] EffectAsset builtin-standard.effect c8f66d17-351a-48da-a12c-0212d28575c4 not foundError: [Scene] EffectAsset builtin-standard.effect c8f66d17-351a-48da-a12c-0212d28575c4 not found
    at MaterialAsset.queryAllEffects (D:\code_software\cocoscreator\editors\Creator\3.8.3\resources\app.asar\builtin\scene\dist\script\3d\manager\asset\material.ccc:1:4114)
2025-1-8 16:18:35 - warn: [Scene] EffectAsset builtin-standard.effect c8f66d17-351a-48da-a12c-0212d28575c4 not foundError: [Scene] EffectAsset builtin-standard.effect c8f66d17-351a-48da-a12c-0212d28575c4 not found
    at MaterialAsset.queryAllEffects (D:\code_software\cocoscreator\editors\Creator\3.8.3\resources\app.asar\builtin\scene\dist\script\3d\manager\asset\material.ccc:1:4114)
2025-1-8 16:20:38 - warn: [Scene] EffectAsset builtin-standard.effect c8f66d17-351a-48da-a12c-0212d28575c4 not foundError: [Scene] EffectAsset builtin-standard.effect c8f66d17-351a-48da-a12c-0212d28575c4 not found
    at MaterialAsset.queryAllEffects (D:\code_software\cocoscreator\editors\Creator\3.8.3\resources\app.asar\builtin\scene\dist\script\3d\manager\asset\material.ccc:1:4114)
2025-1-8 16:42:19 - warn: [Scene] EffectAsset builtin-standard.effect c8f66d17-351a-48da-a12c-0212d28575c4 not foundError: [Scene] EffectAsset builtin-standard.effect c8f66d17-351a-48da-a12c-0212d28575c4 not found
    at MaterialAsset.queryAllEffects (D:\code_software\cocoscreator\editors\Creator\3.8.3\resources\app.asar\builtin\scene\dist\script\3d\manager\asset\material.ccc:1:4114)
2025-1-8 16:42:34 - warn: [Scene] EffectAsset builtin-standard.effect c8f66d17-351a-48da-a12c-0212d28575c4 not foundError: [Scene] EffectAsset builtin-standard.effect c8f66d17-351a-48da-a12c-0212d28575c4 not found
    at MaterialAsset.queryAllEffects (D:\code_software\cocoscreator\editors\Creator\3.8.3\resources\app.asar\builtin\scene\dist\script\3d\manager\asset\material.ccc:1:4114)
2025-1-8 16:42:36 - warn: [Scene] EffectAsset builtin-standard.effect c8f66d17-351a-48da-a12c-0212d28575c4 not foundError: [Scene] EffectAsset builtin-standard.effect c8f66d17-351a-48da-a12c-0212d28575c4 not found
    at MaterialAsset.queryAllEffects (D:\code_software\cocoscreator\editors\Creator\3.8.3\resources\app.asar\builtin\scene\dist\script\3d\manager\asset\material.ccc:1:4114)
2025-1-8 16:43:18 - warn: [Scene] EffectAsset builtin-standard.effect c8f66d17-351a-48da-a12c-0212d28575c4 not foundError: [Scene] EffectAsset builtin-standard.effect c8f66d17-351a-48da-a12c-0212d28575c4 not found
    at MaterialAsset.queryAllEffects (D:\code_software\cocoscreator\editors\Creator\3.8.3\resources\app.asar\builtin\scene\dist\script\3d\manager\asset\material.ccc:1:4114)
2025-1-8 16:43:33 - warn: [Scene] EffectAsset builtin-standard.effect c8f66d17-351a-48da-a12c-0212d28575c4 not foundError: [Scene] EffectAsset builtin-standard.effect c8f66d17-351a-48da-a12c-0212d28575c4 not found
    at MaterialAsset.queryAllEffects (D:\code_software\cocoscreator\editors\Creator\3.8.3\resources\app.asar\builtin\scene\dist\script\3d\manager\asset\material.ccc:1:4114)
2025-1-8 16:47:09 - error: [Assets] builtin-sprite-chip.effect - sprite-vs:vert: Error EFX2406: compilation failed: ↓↓↓↓↓ EXPAND THIS MESSAGE FOR MORE INFO ↓↓↓↓↓
ERROR: 0:93: 'assign' : cannot convert from 'highp 4-component vector of float' to 'highp float'
 

1 #version 100
2 #define USE_LOCAL 1
3 #define SAMPLE_FROM_RT 1
4 #define CC_DEVICE_SUPPORT_FLOAT_TEXTURE 1
5 #define CC_DEVICE_MAX_FRAGMENT_UNIFORM_VECTORS 1024
6 #define CC_DEVICE_MAX_VERTEX_UNIFORM_VECTORS 1024
7 #define CC_EFFECT_USED_VERTEX_UNIFORM_VECTORS 128
8 #define CC_EFFECT_USED_FRAGMENT_UNIFORM_VECTORS 128
9 #define CC_DEVICE_CAN_BENEFIT_FROM_INPUT_ATTACHMENT 0
10 #define CC_PLATFORM_ANDROID_AND_WEBGL 0
11 #define CC_ENABLE_WEBGL_HIGHP_STRUCT_VALUES 0
12 #define USE_PIXEL_ALIGNMENT 1
13 #define CC_USE_EMBEDDED_ALPHA 1
14 #define USE_ALPHA_TEST 1
15 #define USE_TEXTURE 1
16 #define IS_GRAY 1
17 
18 precision highp float;
19 uniform highp vec4 cc_time;
20 uniform highp mat4 cc_matView;
21   uniform highp mat4 cc_matProj;
22   uniform highp mat4 cc_matViewProj;
23   uniform highp vec4 cc_cameraPos;
24 
25 
26 #if USE_LOCAL
27   uniform highp mat4 cc_matWorld;
28 
29   
30 #endif
31 #if SAMPLE_FROM_RT
32   
33   #define QUATER_PI         0.78539816340
34   #define HALF_PI           1.57079632679
35   #define PI                3.14159265359
36   #define PI2               6.28318530718
37   #define PI4               12.5663706144
38   
39   #define INV_QUATER_PI     1.27323954474
40   #define INV_HALF_PI       0.63661977237
41   #define INV_PI            0.31830988618
42   #define INV_PI2           0.15915494309
43   #define INV_PI4           0.07957747155
44   
45   #define EPSILON           1e-6
46   #define EPSILON_LOWP      1e-4
47   #define LOG2              1.442695
48   #define EXP_VALUE         2.71828183
49   #define FP_MAX            65504.0
50   #define FP_SCALE          0.0009765625
51   #define FP_SCALE_INV      1024.0
52   #define GRAY_VECTOR       vec3(0.299, 0.587, 0.114)
53       #define LIGHT_MAP_TYPE_DISABLED 0
54   #define LIGHT_MAP_TYPE_ALL_IN_ONE 1
55   #define LIGHT_MAP_TYPE_INDIRECT_OCCLUSION 2
56   #define REFLECTION_PROBE_TYPE_NONE 0
57   #define REFLECTION_PROBE_TYPE_CUBE 1
58   #define REFLECTION_PROBE_TYPE_PLANAR 2
59   #define REFLECTION_PROBE_TYPE_BLEND 3
60   #define REFLECTION_PROBE_TYPE_BLEND_AND_SKYBOX 4
61       #define LIGHT_TYPE_DIRECTIONAL 0.0
62   #define LIGHT_TYPE_SPHERE 1.0
63   #define LIGHT_TYPE_SPOT 2.0
64   #define LIGHT_TYPE_POINT 3.0
65   #define LIGHT_TYPE_RANGED_DIRECTIONAL 4.0
66   
67   #define IS_DIRECTIONAL_LIGHT(light_type) (abs(float(light_type) - float(LIGHT_TYPE_DIRECTIONAL)) < EPSILON_LOWP)
68   #define IS_SPHERE_LIGHT(light_type) (abs(float(light_type) - float(LIGHT_TYPE_SPHERE)) < EPSILON_LOWP)
69   #define IS_SPOT_LIGHT(light_type) (abs(float(light_type) - float(LIGHT_TYPE_SPOT)) < EPSILON_LOWP)
70   #define IS_POINT_LIGHT(light_type) (abs(float(light_type) - float(LIGHT_TYPE_POINT)) < EPSILON_LOWP)
71   #define IS_RANGED_DIRECTIONAL_LIGHT(light_type) (abs(float(light_type) - float(LIGHT_TYPE_RANGED_DIRECTIONAL)) < EPSILON_LOWP)
72   #define TONE_MAPPING_ACES 0
73   #define TONE_MAPPING_LINEAR 1
74   #define SURFACES_MAX_TRANSMIT_DEPTH_VALUE 999999.0
75   #ifndef CC_SURFACES_DEBUG_VIEW_SINGLE
76     #define CC_SURFACES_DEBUG_VIEW_SINGLE 1
77   #endif
78   #ifndef CC_SURFACES_DEBUG_VIEW_COMPOSITE_AND_MISC
79     #define CC_SURFACES_DEBUG_VIEW_COMPOSITE_AND_MISC 2
80   #endif
81   
82 #endif
83 attribute vec3 a_position;
84 attribute vec2 a_texCoord;
85 attribute vec4 a_color;
86 
87 varying vec4 color;
88 varying vec2 uv0;
89 varying vec3 position;
90 
91 vec4 vert () {
92   vec4 pos = vec4(a_position, 1);
93   pos.x *= sin(cc_time);
94 
95   #if USE_LOCAL
96     pos = cc_matWorld * pos;
97   #endif
98 
99   #if USE_PIXEL_ALIGNMENT
100     pos = cc_matView * pos;
101     pos.xyz = floor(pos.xyz);
102     pos = cc_matProj * pos;
103   #else
104     pos = cc_matViewProj * pos;
105   #endif
106 
107   uv0 = a_texCoord;
108   #if SAMPLE_FROM_RT
109     uv0 = cc_cameraPos.w > 1.0 ? vec2(uv0.x, 1.0 - uv0.y) : uv0;
110   #endif
111   color = a_color;
112   return pos;
113 }
114 
115 void main() { gl_Position = vert(); }
116 [Assets] builtin-sprite-chip.effect - sprite-vs:vert: Error EFX2406: compilation failed: ↓↓↓↓↓ EXPAND THIS MESSAGE FOR MORE INFO ↓↓↓↓↓
ERROR: 0:93: 'assign' : cannot convert from 'highp 4-component vector of float' to 'highp float'
 

1 #version 100
2 #define USE_LOCAL 1
3 #define SAMPLE_FROM_RT 1
4 #define CC_DEVICE_SUPPORT_FLOAT_TEXTURE 1
5 #define CC_DEVICE_MAX_FRAGMENT_UNIFORM_VECTORS 1024
6 #define CC_DEVICE_MAX_VERTEX_UNIFORM_VECTORS 1024
7 #define CC_EFFECT_USED_VERTEX_UNIFORM_VECTORS 128
8 #define CC_EFFECT_USED_FRAGMENT_UNIFORM_VECTORS 128
9 #define CC_DEVICE_CAN_BENEFIT_FROM_INPUT_ATTACHMENT 0
10 #define CC_PLATFORM_ANDROID_AND_WEBGL 0
11 #define CC_ENABLE_WEBGL_HIGHP_STRUCT_VALUES 0
12 #define USE_PIXEL_ALIGNMENT 1
13 #define CC_USE_EMBEDDED_ALPHA 1
14 #define USE_ALPHA_TEST 1
15 #define USE_TEXTURE 1
16 #define IS_GRAY 1
17 
18 precision highp float;
19 uniform highp vec4 cc_time;
20 uniform highp mat4 cc_matView;
21   uniform highp mat4 cc_matProj;
22   uniform highp mat4 cc_matViewProj;
23   uniform highp vec4 cc_cameraPos;
24 
25 
26 #if USE_LOCAL
27   uniform highp mat4 cc_matWorld;
28 
29   
30 #endif
31 #if SAMPLE_FROM_RT
32   
33   #define QUATER_PI         0.78539816340
34   #define HALF_PI           1.57079632679
35   #define PI                3.14159265359
36   #define PI2               6.28318530718
37   #define PI4               12.5663706144
38   
39   #define INV_QUATER_PI     1.27323954474
40   #define INV_HALF_PI       0.63661977237
41   #define INV_PI            0.31830988618
42   #define INV_PI2           0.15915494309
43   #define INV_PI4           0.07957747155
44   
45   #define EPSILON           1e-6
46   #define EPSILON_LOWP      1e-4
47   #define LOG2              1.442695
48   #define EXP_VALUE         2.71828183
49   #define FP_MAX            65504.0
50   #define FP_SCALE          0.0009765625
51   #define FP_SCALE_INV      1024.0
52   #define GRAY_VECTOR       vec3(0.299, 0.587, 0.114)
53       #define LIGHT_MAP_TYPE_DISABLED 0
54   #define LIGHT_MAP_TYPE_ALL_IN_ONE 1
55   #define LIGHT_MAP_TYPE_INDIRECT_OCCLUSION 2
56   #define REFLECTION_PROBE_TYPE_NONE 0
57   #define REFLECTION_PROBE_TYPE_CUBE 1
58   #define REFLECTION_PROBE_TYPE_PLANAR 2
59   #define REFLECTION_PROBE_TYPE_BLEND 3
60   #define REFLECTION_PROBE_TYPE_BLEND_AND_SKYBOX 4
61       #define LIGHT_TYPE_DIRECTIONAL 0.0
62   #define LIGHT_TYPE_SPHERE 1.0
63   #define LIGHT_TYPE_SPOT 2.0
64   #define LIGHT_TYPE_POINT 3.0
65   #define LIGHT_TYPE_RANGED_DIRECTIONAL 4.0
66   
67   #define IS_DIRECTIONAL_LIGHT(light_type) (abs(float(light_type) - float(LIGHT_TYPE_DIRECTIONAL)) < EPSILON_LOWP)
68   #define IS_SPHERE_LIGHT(light_type) (abs(float(light_type) - float(LIGHT_TYPE_SPHERE)) < EPSILON_LOWP)
69   #define IS_SPOT_LIGHT(light_type) (abs(float(light_type) - float(LIGHT_TYPE_SPOT)) < EPSILON_LOWP)
70   #define IS_POINT_LIGHT(light_type) (abs(float(light_type) - float(LIGHT_TYPE_POINT)) < EPSILON_LOWP)
71   #define IS_RANGED_DIRECTIONAL_LIGHT(light_type) (abs(float(light_type) - float(LIGHT_TYPE_RANGED_DIRECTIONAL)) < EPSILON_LOWP)
72   #define TONE_MAPPING_ACES 0
73   #define TONE_MAPPING_LINEAR 1
74   #define SURFACES_MAX_TRANSMIT_DEPTH_VALUE 999999.0
75   #ifndef CC_SURFACES_DEBUG_VIEW_SINGLE
76     #define CC_SURFACES_DEBUG_VIEW_SINGLE 1
77   #endif
78   #ifndef CC_SURFACES_DEBUG_VIEW_COMPOSITE_AND_MISC
79     #define CC_SURFACES_DEBUG_VIEW_COMPOSITE_AND_MISC 2
80   #endif
81   
82 #endif
83 attribute vec3 a_position;
84 attribute vec2 a_texCoord;
85 attribute vec4 a_color;
86 
87 varying vec4 color;
88 varying vec2 uv0;
89 varying vec3 position;
90 
91 vec4 vert () {
92   vec4 pos = vec4(a_position, 1);
93   pos.x *= sin(cc_time);
94 
95   #if USE_LOCAL
96     pos = cc_matWorld * pos;
97   #endif
98 
99   #if USE_PIXEL_ALIGNMENT
100     pos = cc_matView * pos;
101     pos.xyz = floor(pos.xyz);
102     pos = cc_matProj * pos;
103   #else
104     pos = cc_matViewProj * pos;
105   #endif
106 
107   uv0 = a_texCoord;
108   #if SAMPLE_FROM_RT
109     uv0 = cc_cameraPos.w > 1.0 ? vec2(uv0.x, 1.0 - uv0.y) : uv0;
110   #endif
111   color = a_color;
112   return pos;
113 }
114 
115 void main() { gl_Position = vert(); }
116   
2 #define USE_LOCAL 1  
3 #define SAMPLE_FROM_RT 1  
4 #define CC_DEVICE_SUPPORT_FLOAT_TEXTURE 1  
5 #define CC_DEVICE_MAX_FRAGMENT_UNIFORM_VECTORS 1024  
6 #define CC_DEVICE_MAX_VERTEX_UNIFORM_VECTORS 1024  
7 #define CC_EFFECT_USED_VERTEX_UNIFORM_VECTORS 128  
8 #define CC_EFFECT_USED_FRAGMENT_UNIFORM_VECTORS 128  
9 #define CC_DEVICE_CAN_BENEFIT_FROM_INPUT_ATTACHMENT 0  
10 #define CC_PLATFORM_ANDROID_AND_WEBGL 0  
11 #define CC_ENABLE_WEBGL_HIGHP_STRUCT_VALUES 0  
12 #define USE_PIXEL_ALIGNMENT 1  
13 #define CC_USE_EMBEDDED_ALPHA 1  
14 #define USE_ALPHA_TEST 1  
15 #define USE_TEXTURE 1  
16 #define IS_GRAY 1  
17  
18 precision highp float;  
19 uniform highp vec4 cc_time;  
20 uniform highp mat4 cc_matView;  
21   uniform highp mat4 cc_matProj;  
22   uniform highp mat4 cc_matViewProj;  
23   uniform highp vec4 cc_cameraPos;  
24  
25  
26 #if USE_LOCAL  
27   uniform highp mat4 cc_matWorld;  
28  
29  
30 #endif  
31 #if SAMPLE_FROM_RT  
32  
33   #define QUATER_PI         0.78539816340  
34   #define HALF_PI           1.57079632679  
35   #define PI                3.14159265359  
36   #define PI2               6.28318530718  
37   #define PI4               12.5663706144  
38  
39   #define INV_QUATER_PI     1.27323954474  
40   #define INV_HALF_PI       0.63661977237  
41   #define INV_PI            0.31830988618  
42   #define INV_PI2           0.15915494309  
43   #define INV_PI4           0.07957747155  
44  
45   #define EPSILON           1e-6  
46   #define EPSILON_LOWP      1e-4  
47   #define LOG2              1.442695  
48   #define EXP_VALUE         2.71828183  
49   #define FP_MAX            65504.0  
50   #define FP_SCALE          0.0009765625  
51   #define FP_SCALE_INV      1024.0  
52   #define GRAY_VECTOR       vec3(0.299, 0.587, 0.114)  
53       #define LIGHT_MAP_TYPE_DISABLED 0  
54   #define LIGHT_MAP_TYPE_ALL_IN_ONE 1  
55   #define LIGHT_MAP_TYPE_INDIRECT_OCCLUSION 2  
56   #define REFLECTION_PROBE_TYPE_NONE 0  
57   #define REFLECTION_PROBE_TYPE_CUBE 1  
58   #define REFLECTION_PROBE_TYPE_PLANAR 2  
59   #define REFLECTION_PROBE_TYPE_BLEND 3  
60   #define REFLECTION_PROBE_TYPE_BLEND_AND_SKYBOX 4  
61       #define LIGHT_TYPE_DIRECTIONAL 0.0  
62   #define LIGHT_TYPE_SPHERE 1.0  
63   #define LIGHT_TYPE_SPOT 2.0  
64   #define LIGHT_TYPE_POINT 3.0  
65   #define LIGHT_TYPE_RANGED_DIRECTIONAL 4.0  
66  
67   #define IS_DIRECTIONAL_LIGHT(light_type) (abs(float(light_type) - float(LIGHT_TYPE_DIRECTIONAL)) < EPSILON_LOWP)  
68   #define IS_SPHERE_LIGHT(light_type) (abs(float(light_type) - float(LIGHT_TYPE_SPHERE)) < EPSILON_LOWP)  
69   #define IS_SPOT_LIGHT(light_type) (abs(float(light_type) - float(LIGHT_TYPE_SPOT)) < EPSILON_LOWP)  
70   #define IS_POINT_LIGHT(light_type) (abs(float(light_type) - float(LIGHT_TYPE_POINT)) < EPSILON_LOWP)  
71   #define IS_RANGED_DIRECTIONAL_LIGHT(light_type) (abs(float(light_type) - float(LIGHT_TYPE_RANGED_DIRECTIONAL)) < EPSILON_LOWP)  
72   #define TONE_MAPPING_ACES 0  
73   #define TONE_MAPPING_LINEAR 1  
74   #define SURFACES_MAX_TRANSMIT_DEPTH_VALUE 999999.0  
75   #ifndef CC_SURFACES_DEBUG_VIEW_SINGLE  
76     #define CC_SURFACES_DEBUG_VIEW_SINGLE 1  
77   #endif  
78   #ifndef CC_SURFACES_DEBUG_VIEW_COMPOSITE_AND_MISC  
79     #define CC_SURFACES_DEBUG_VIEW_COMPOSITE_AND_MISC 2  
80   #endif  
81  
82 #endif  
83 attribute vec3 a_position;  
84 attribute vec2 a_texCoord;  
85 attribute vec4 a_color;  
86  
87 varying vec4 color;  
88 varying vec2 uv0;  
89 varying vec3 position;  
90  
91 vec4 vert () {  
92   vec4 pos = vec4(a_position, 1);  
93   pos.x *= sin(cc_time);  
94  
95   #if USE_LOCAL  
96     pos = cc_matWorld * pos;  
97   #endif  
98  
99   #if USE_PIXEL_ALIGNMENT  
100     pos = cc_matView * pos;  
101     pos.xyz = floor(pos.xyz);  
102     pos = cc_matProj * pos;  
103   #else  
104     pos = cc_matViewProj * pos;  
105   #endif  
106  
107   uv0 = a_texCoord;  
108   #if SAMPLE_FROM_RT  
109     uv0 = cc_cameraPos.w > 1.0 ? vec2(uv0.x, 1.0 - uv0.y) : uv0;  
110   #endif  
111   color = a_color;  
112   return pos;  
113 }  
114  
115 void main() { gl_Position = vert(); }  
116  
at Object.encode (D:\code_software\cocoscreator\editors\Creator\3.8.3\resources\app.asar\node_modules\@base\electron-worker\node_modules\v-stacks\index.js:14:17)  
at Logger._logHandler (D:\code_software\cocoscreator\editors\Creator\3.8.3\resources\app.asar\node_modules\@base\electron-worker\static\script.ccc:1:531)  
at Logger.record (D:\code_software\cocoscreator\editors\Creator\3.8.3\resources\app.asar\node_modules\@base\electron-logger\lib\renderer.ccc:1:458)  
at Object.error (D:\code_software\cocoscreator\editors\Creator\3.8.3\resources\app.asar\node_modules\@base\electron-logger\lib\renderer.ccc:1:1414)  
at Object.error (D:\code_software\cocoscreator\editors\Creator\3.8.3\resources\app.asar\builtin\asset-db\dist\worker\console.ccc:1:1409)  
at import (D:\code_software\cocoscreator\editors\Creator\3.8.3\resources\app.asar\modules\engine-extensions\extensions\engine-extends\dist\handler\assets\effect.ccc:1:5904)  
at CustomImporter.import (D:\code_software\cocoscreator\editors\Creator\3.8.3\resources\app.asar\builtin\asset-db\dist\worker\manager\asset-handler-manager.ccc:1:1206)
2025-1-8 16:47:09 - warn: [Scene] EffectAsset builtin-standard.effect c8f66d17-351a-48da-a12c-0212d28575c4 not foundError: [Scene] EffectAsset builtin-standard.effect c8f66d17-351a-48da-a12c-0212d28575c4 not found
    at MaterialAsset.queryAllEffects (D:\code_software\cocoscreator\editors\Creator\3.8.3\resources\app.asar\builtin\scene\dist\script\3d\manager\asset\material.ccc:1:4114)
2025-1-8 16:49:38 - error: [Assets] builtin-sprite-chip.effect - sprite-vs:vert: Error EFX2406: compilation failed: ↓↓↓↓↓ EXPAND THIS MESSAGE FOR MORE INFO ↓↓↓↓↓
ERROR: 0:93: '=' : dimension mismatch
ERROR: 0:93: 'assign' : cannot convert from 'highp 4-component vector of float' to 'highp float'
 

1 #version 100
2 #define USE_LOCAL 1
3 #define SAMPLE_FROM_RT 1
4 #define CC_DEVICE_SUPPORT_FLOAT_TEXTURE 1
5 #define CC_DEVICE_MAX_FRAGMENT_UNIFORM_VECTORS 1024
6 #define CC_DEVICE_MAX_VERTEX_UNIFORM_VECTORS 1024
7 #define CC_EFFECT_USED_VERTEX_UNIFORM_VECTORS 128
8 #define CC_EFFECT_USED_FRAGMENT_UNIFORM_VECTORS 128
9 #define CC_DEVICE_CAN_BENEFIT_FROM_INPUT_ATTACHMENT 0
10 #define CC_PLATFORM_ANDROID_AND_WEBGL 0
11 #define CC_ENABLE_WEBGL_HIGHP_STRUCT_VALUES 0
12 #define USE_PIXEL_ALIGNMENT 1
13 #define CC_USE_EMBEDDED_ALPHA 1
14 #define USE_ALPHA_TEST 1
15 #define USE_TEXTURE 1
16 #define IS_GRAY 1
17 
18 precision highp float;
19 uniform highp vec4 cc_time;
20 uniform highp mat4 cc_matView;
21   uniform highp mat4 cc_matProj;
22   uniform highp mat4 cc_matViewProj;
23   uniform highp vec4 cc_cameraPos;
24 
25 
26 #if USE_LOCAL
27   uniform highp mat4 cc_matWorld;
28 
29   
30 #endif
31 #if SAMPLE_FROM_RT
32   
33   #define QUATER_PI         0.78539816340
34   #define HALF_PI           1.57079632679
35   #define PI                3.14159265359
36   #define PI2               6.28318530718
37   #define PI4               12.5663706144
38   
39   #define INV_QUATER_PI     1.27323954474
40   #define INV_HALF_PI       0.63661977237
41   #define INV_PI            0.31830988618
42   #define INV_PI2           0.15915494309
43   #define INV_PI4           0.07957747155
44   
45   #define EPSILON           1e-6
46   #define EPSILON_LOWP      1e-4
47   #define LOG2              1.442695
48   #define EXP_VALUE         2.71828183
49   #define FP_MAX            65504.0
50   #define FP_SCALE          0.0009765625
51   #define FP_SCALE_INV      1024.0
52   #define GRAY_VECTOR       vec3(0.299, 0.587, 0.114)
53       #define LIGHT_MAP_TYPE_DISABLED 0
54   #define LIGHT_MAP_TYPE_ALL_IN_ONE 1
55   #define LIGHT_MAP_TYPE_INDIRECT_OCCLUSION 2
56   #define REFLECTION_PROBE_TYPE_NONE 0
57   #define REFLECTION_PROBE_TYPE_CUBE 1
58   #define REFLECTION_PROBE_TYPE_PLANAR 2
59   #define REFLECTION_PROBE_TYPE_BLEND 3
60   #define REFLECTION_PROBE_TYPE_BLEND_AND_SKYBOX 4
61       #define LIGHT_TYPE_DIRECTIONAL 0.0
62   #define LIGHT_TYPE_SPHERE 1.0
63   #define LIGHT_TYPE_SPOT 2.0
64   #define LIGHT_TYPE_POINT 3.0
65   #define LIGHT_TYPE_RANGED_DIRECTIONAL 4.0
66   
67   #define IS_DIRECTIONAL_LIGHT(light_type) (abs(float(light_type) - float(LIGHT_TYPE_DIRECTIONAL)) < EPSILON_LOWP)
68   #define IS_SPHERE_LIGHT(light_type) (abs(float(light_type) - float(LIGHT_TYPE_SPHERE)) < EPSILON_LOWP)
69   #define IS_SPOT_LIGHT(light_type) (abs(float(light_type) - float(LIGHT_TYPE_SPOT)) < EPSILON_LOWP)
70   #define IS_POINT_LIGHT(light_type) (abs(float(light_type) - float(LIGHT_TYPE_POINT)) < EPSILON_LOWP)
71   #define IS_RANGED_DIRECTIONAL_LIGHT(light_type) (abs(float(light_type) - float(LIGHT_TYPE_RANGED_DIRECTIONAL)) < EPSILON_LOWP)
72   #define TONE_MAPPING_ACES 0
73   #define TONE_MAPPING_LINEAR 1
74   #define SURFACES_MAX_TRANSMIT_DEPTH_VALUE 999999.0
75   #ifndef CC_SURFACES_DEBUG_VIEW_SINGLE
76     #define CC_SURFACES_DEBUG_VIEW_SINGLE 1
77   #endif
78   #ifndef CC_SURFACES_DEBUG_VIEW_COMPOSITE_AND_MISC
79     #define CC_SURFACES_DEBUG_VIEW_COMPOSITE_AND_MISC 2
80   #endif
81   
82 #endif
83 attribute vec3 a_position;
84 attribute vec2 a_texCoord;
85 attribute vec4 a_color;
86 
87 varying vec4 color;
88 varying vec2 uv0;
89 varying vec3 position;
90 
91 vec4 vert () {
92   vec4 pos = vec4(a_position, 1);
93   pos.x = pos.x * sin(cc_time);
94 
95   #if USE_LOCAL
96     pos = cc_matWorld * pos;
97   #endif
98 
99   #if USE_PIXEL_ALIGNMENT
100     pos = cc_matView * pos;
101     pos.xyz = floor(pos.xyz);
102     pos = cc_matProj * pos;
103   #else
104     pos = cc_matViewProj * pos;
105   #endif
106 
107   uv0 = a_texCoord;
108   #if SAMPLE_FROM_RT
109     uv0 = cc_cameraPos.w > 1.0 ? vec2(uv0.x, 1.0 - uv0.y) : uv0;
110   #endif
111   color = a_color;
112   return pos;
113 }
114 
115 void main() { gl_Position = vert(); }
116 [Assets] builtin-sprite-chip.effect - sprite-vs:vert: Error EFX2406: compilation failed: ↓↓↓↓↓ EXPAND THIS MESSAGE FOR MORE INFO ↓↓↓↓↓
ERROR: 0:93: '=' : dimension mismatch
ERROR: 0:93: 'assign' : cannot convert from 'highp 4-component vector of float' to 'highp float'
 

1 #version 100
2 #define USE_LOCAL 1
3 #define SAMPLE_FROM_RT 1
4 #define CC_DEVICE_SUPPORT_FLOAT_TEXTURE 1
5 #define CC_DEVICE_MAX_FRAGMENT_UNIFORM_VECTORS 1024
6 #define CC_DEVICE_MAX_VERTEX_UNIFORM_VECTORS 1024
7 #define CC_EFFECT_USED_VERTEX_UNIFORM_VECTORS 128
8 #define CC_EFFECT_USED_FRAGMENT_UNIFORM_VECTORS 128
9 #define CC_DEVICE_CAN_BENEFIT_FROM_INPUT_ATTACHMENT 0
10 #define CC_PLATFORM_ANDROID_AND_WEBGL 0
11 #define CC_ENABLE_WEBGL_HIGHP_STRUCT_VALUES 0
12 #define USE_PIXEL_ALIGNMENT 1
13 #define CC_USE_EMBEDDED_ALPHA 1
14 #define USE_ALPHA_TEST 1
15 #define USE_TEXTURE 1
16 #define IS_GRAY 1
17 
18 precision highp float;
19 uniform highp vec4 cc_time;
20 uniform highp mat4 cc_matView;
21   uniform highp mat4 cc_matProj;
22   uniform highp mat4 cc_matViewProj;
23   uniform highp vec4 cc_cameraPos;
24 
25 
26 #if USE_LOCAL
27   uniform highp mat4 cc_matWorld;
28 
29   
30 #endif
31 #if SAMPLE_FROM_RT
32   
33   #define QUATER_PI         0.78539816340
34   #define HALF_PI           1.57079632679
35   #define PI                3.14159265359
36   #define PI2               6.28318530718
37   #define PI4               12.5663706144
38   
39   #define INV_QUATER_PI     1.27323954474
40   #define INV_HALF_PI       0.63661977237
41   #define INV_PI            0.31830988618
42   #define INV_PI2           0.15915494309
43   #define INV_PI4           0.07957747155
44   
45   #define EPSILON           1e-6
46   #define EPSILON_LOWP      1e-4
47   #define LOG2              1.442695
48   #define EXP_VALUE         2.71828183
49   #define FP_MAX            65504.0
50   #define FP_SCALE          0.0009765625
51   #define FP_SCALE_INV      1024.0
52   #define GRAY_VECTOR       vec3(0.299, 0.587, 0.114)
53       #define LIGHT_MAP_TYPE_DISABLED 0
54   #define LIGHT_MAP_TYPE_ALL_IN_ONE 1
55   #define LIGHT_MAP_TYPE_INDIRECT_OCCLUSION 2
56   #define REFLECTION_PROBE_TYPE_NONE 0
57   #define REFLECTION_PROBE_TYPE_CUBE 1
58   #define REFLECTION_PROBE_TYPE_PLANAR 2
59   #define REFLECTION_PROBE_TYPE_BLEND 3
60   #define REFLECTION_PROBE_TYPE_BLEND_AND_SKYBOX 4
61       #define LIGHT_TYPE_DIRECTIONAL 0.0
62   #define LIGHT_TYPE_SPHERE 1.0
63   #define LIGHT_TYPE_SPOT 2.0
64   #define LIGHT_TYPE_POINT 3.0
65   #define LIGHT_TYPE_RANGED_DIRECTIONAL 4.0
66   
67   #define IS_DIRECTIONAL_LIGHT(light_type) (abs(float(light_type) - float(LIGHT_TYPE_DIRECTIONAL)) < EPSILON_LOWP)
68   #define IS_SPHERE_LIGHT(light_type) (abs(float(light_type) - float(LIGHT_TYPE_SPHERE)) < EPSILON_LOWP)
69   #define IS_SPOT_LIGHT(light_type) (abs(float(light_type) - float(LIGHT_TYPE_SPOT)) < EPSILON_LOWP)
70   #define IS_POINT_LIGHT(light_type) (abs(float(light_type) - float(LIGHT_TYPE_POINT)) < EPSILON_LOWP)
71   #define IS_RANGED_DIRECTIONAL_LIGHT(light_type) (abs(float(light_type) - float(LIGHT_TYPE_RANGED_DIRECTIONAL)) < EPSILON_LOWP)
72   #define TONE_MAPPING_ACES 0
73   #define TONE_MAPPING_LINEAR 1
74   #define SURFACES_MAX_TRANSMIT_DEPTH_VALUE 999999.0
75   #ifndef CC_SURFACES_DEBUG_VIEW_SINGLE
76     #define CC_SURFACES_DEBUG_VIEW_SINGLE 1
77   #endif
78   #ifndef CC_SURFACES_DEBUG_VIEW_COMPOSITE_AND_MISC
79     #define CC_SURFACES_DEBUG_VIEW_COMPOSITE_AND_MISC 2
80   #endif
81   
82 #endif
83 attribute vec3 a_position;
84 attribute vec2 a_texCoord;
85 attribute vec4 a_color;
86 
87 varying vec4 color;
88 varying vec2 uv0;
89 varying vec3 position;
90 
91 vec4 vert () {
92   vec4 pos = vec4(a_position, 1);
93   pos.x = pos.x * sin(cc_time);
94 
95   #if USE_LOCAL
96     pos = cc_matWorld * pos;
97   #endif
98 
99   #if USE_PIXEL_ALIGNMENT
100     pos = cc_matView * pos;
101     pos.xyz = floor(pos.xyz);
102     pos = cc_matProj * pos;
103   #else
104     pos = cc_matViewProj * pos;
105   #endif
106 
107   uv0 = a_texCoord;
108   #if SAMPLE_FROM_RT
109     uv0 = cc_cameraPos.w > 1.0 ? vec2(uv0.x, 1.0 - uv0.y) : uv0;
110   #endif
111   color = a_color;
112   return pos;
113 }
114 
115 void main() { gl_Position = vert(); }
116   
1 #version 100  
2 #define USE_LOCAL 1  
3 #define SAMPLE_FROM_RT 1  
4 #define CC_DEVICE_SUPPORT_FLOAT_TEXTURE 1  
5 #define CC_DEVICE_MAX_FRAGMENT_UNIFORM_VECTORS 1024  
6 #define CC_DEVICE_MAX_VERTEX_UNIFORM_VECTORS 1024  
7 #define CC_EFFECT_USED_VERTEX_UNIFORM_VECTORS 128  
8 #define CC_EFFECT_USED_FRAGMENT_UNIFORM_VECTORS 128  
9 #define CC_DEVICE_CAN_BENEFIT_FROM_INPUT_ATTACHMENT 0  
10 #define CC_PLATFORM_ANDROID_AND_WEBGL 0  
11 #define CC_ENABLE_WEBGL_HIGHP_STRUCT_VALUES 0  
12 #define USE_PIXEL_ALIGNMENT 1  
13 #define CC_USE_EMBEDDED_ALPHA 1  
14 #define USE_ALPHA_TEST 1  
15 #define USE_TEXTURE 1  
16 #define IS_GRAY 1  
17  
18 precision highp float;  
19 uniform highp vec4 cc_time;  
20 uniform highp mat4 cc_matView;  
21   uniform highp mat4 cc_matProj;  
22   uniform highp mat4 cc_matViewProj;  
23   uniform highp vec4 cc_cameraPos;  
24  
25  
26 #if USE_LOCAL  
27   uniform highp mat4 cc_matWorld;  
28  
29  
30 #endif  
31 #if SAMPLE_FROM_RT  
32  
33   #define QUATER_PI         0.78539816340  
34   #define HALF_PI           1.57079632679  
35   #define PI                3.14159265359  
36   #define PI2               6.28318530718  
37   #define PI4               12.5663706144  
38  
39   #define INV_QUATER_PI     1.27323954474  
40   #define INV_HALF_PI       0.63661977237  
41   #define INV_PI            0.31830988618  
42   #define INV_PI2           0.15915494309  
43   #define INV_PI4           0.07957747155  
44  
45   #define EPSILON           1e-6  
46   #define EPSILON_LOWP      1e-4  
47   #define LOG2              1.442695  
48   #define EXP_VALUE         2.71828183  
49   #define FP_MAX            65504.0  
50   #define FP_SCALE          0.0009765625  
51   #define FP_SCALE_INV      1024.0  
52   #define GRAY_VECTOR       vec3(0.299, 0.587, 0.114)  
53       #define LIGHT_MAP_TYPE_DISABLED 0  
54   #define LIGHT_MAP_TYPE_ALL_IN_ONE 1  
55   #define LIGHT_MAP_TYPE_INDIRECT_OCCLUSION 2  
56   #define REFLECTION_PROBE_TYPE_NONE 0  
57   #define REFLECTION_PROBE_TYPE_CUBE 1  
58   #define REFLECTION_PROBE_TYPE_PLANAR 2  
59   #define REFLECTION_PROBE_TYPE_BLEND 3  
60   #define REFLECTION_PROBE_TYPE_BLEND_AND_SKYBOX 4  
61       #define LIGHT_TYPE_DIRECTIONAL 0.0  
62   #define LIGHT_TYPE_SPHERE 1.0  
63   #define LIGHT_TYPE_SPOT 2.0  
64   #define LIGHT_TYPE_POINT 3.0  
65   #define LIGHT_TYPE_RANGED_DIRECTIONAL 4.0  
66  
67   #define IS_DIRECTIONAL_LIGHT(light_type) (abs(float(light_type) - float(LIGHT_TYPE_DIRECTIONAL)) < EPSILON_LOWP)  
68   #define IS_SPHERE_LIGHT(light_type) (abs(float(light_type) - float(LIGHT_TYPE_SPHERE)) < EPSILON_LOWP)  
69   #define IS_SPOT_LIGHT(light_type) (abs(float(light_type) - float(LIGHT_TYPE_SPOT)) < EPSILON_LOWP)  
70   #define IS_POINT_LIGHT(light_type) (abs(float(light_type) - float(LIGHT_TYPE_POINT)) < EPSILON_LOWP)  
71   #define IS_RANGED_DIRECTIONAL_LIGHT(light_type) (abs(float(light_type) - float(LIGHT_TYPE_RANGED_DIRECTIONAL)) < EPSILON_LOWP)  
72   #define TONE_MAPPING_ACES 0  
73   #define TONE_MAPPING_LINEAR 1  
74   #define SURFACES_MAX_TRANSMIT_DEPTH_VALUE 999999.0  
75   #ifndef CC_SURFACES_DEBUG_VIEW_SINGLE  
76     #define CC_SURFACES_DEBUG_VIEW_SINGLE 1  
77   #endif  
78   #ifndef CC_SURFACES_DEBUG_VIEW_COMPOSITE_AND_MISC  
79     #define CC_SURFACES_DEBUG_VIEW_COMPOSITE_AND_MISC 2  
80   #endif  
81  
82 #endif  
83 attribute vec3 a_position;  
84 attribute vec2 a_texCoord;  
85 attribute vec4 a_color;  
86  
87 varying vec4 color;  
88 varying vec2 uv0;  
89 varying vec3 position;  
90  
91 vec4 vert () {  
92   vec4 pos = vec4(a_position, 1);  
93   pos.x = pos.x * sin(cc_time);  
94  
95   #if USE_LOCAL  
96     pos = cc_matWorld * pos;  
97   #endif  
98  
99   #if USE_PIXEL_ALIGNMENT  
100     pos = cc_matView * pos;  
101     pos.xyz = floor(pos.xyz);  
102     pos = cc_matProj * pos;  
103   #else  
104     pos = cc_matViewProj * pos;  
105   #endif  
106  
107   uv0 = a_texCoord;  
108   #if SAMPLE_FROM_RT  
109     uv0 = cc_cameraPos.w > 1.0 ? vec2(uv0.x, 1.0 - uv0.y) : uv0;  
110   #endif  
111   color = a_color;  
112   return pos;  
113 }  
114  
115 void main() { gl_Position = vert(); }  
116  
at Object.encode (D:\code_software\cocoscreator\editors\Creator\3.8.3\resources\app.asar\node_modules\@base\electron-worker\node_modules\v-stacks\index.js:14:17)  
at Logger._logHandler (D:\code_software\cocoscreator\editors\Creator\3.8.3\resources\app.asar\node_modules\@base\electron-worker\static\script.ccc:1:531)  
at Logger.record (D:\code_software\cocoscreator\editors\Creator\3.8.3\resources\app.asar\node_modules\@base\electron-logger\lib\renderer.ccc:1:458)  
at Object.error (D:\code_software\cocoscreator\editors\Creator\3.8.3\resources\app.asar\node_modules\@base\electron-logger\lib\renderer.ccc:1:1414)  
at Object.error (D:\code_software\cocoscreator\editors\Creator\3.8.3\resources\app.asar\builtin\asset-db\dist\worker\console.ccc:1:1409)  
at import (D:\code_software\cocoscreator\editors\Creator\3.8.3\resources\app.asar\modules\engine-extensions\extensions\engine-extends\dist\handler\assets\effect.ccc:1:5904)  
at runMicrotasks (<anonymous>)  
at runNextTicks (internal/process/task_queues.js:58:5)  
at processImmediate (internal/timers.js:434:9)  
at CustomImporter.import (D:\code_software\cocoscreator\editors\Creator\3.8.3\resources\app.asar\builtin\asset-db\dist\worker\manager\asset-handler-manager.ccc:1:1206)
2025-1-8 16:49:38 - warn: [Scene] EffectAsset builtin-standard.effect c8f66d17-351a-48da-a12c-0212d28575c4 not foundError: [Scene] EffectAsset builtin-standard.effect c8f66d17-351a-48da-a12c-0212d28575c4 not found
    at MaterialAsset.queryAllEffects (D:\code_software\cocoscreator\editors\Creator\3.8.3\resources\app.asar\builtin\scene\dist\script\3d\manager\asset\material.ccc:1:4114)
2025-1-8 16:49:43 - error: [Assets] builtin-sprite-chip.effect - sprite-vs:vert: Error EFX2406: compilation failed: ↓↓↓↓↓ EXPAND THIS MESSAGE FOR MORE INFO ↓↓↓↓↓
ERROR: 0:93: '=' : dimension mismatch
ERROR: 0:93: 'assign' : cannot convert from 'highp 4-component vector of float' to 'highp float'
 

1 #version 100
2 #define USE_LOCAL 1
3 #define SAMPLE_FROM_RT 1
4 #define CC_DEVICE_SUPPORT_FLOAT_TEXTURE 1
5 #define CC_DEVICE_MAX_FRAGMENT_UNIFORM_VECTORS 1024
6 #define CC_DEVICE_MAX_VERTEX_UNIFORM_VECTORS 1024
7 #define CC_EFFECT_USED_VERTEX_UNIFORM_VECTORS 128
8 #define CC_EFFECT_USED_FRAGMENT_UNIFORM_VECTORS 128
9 #define CC_DEVICE_CAN_BENEFIT_FROM_INPUT_ATTACHMENT 0
10 #define CC_PLATFORM_ANDROID_AND_WEBGL 0
11 #define CC_ENABLE_WEBGL_HIGHP_STRUCT_VALUES 0
12 #define USE_PIXEL_ALIGNMENT 1
13 #define CC_USE_EMBEDDED_ALPHA 1
14 #define USE_ALPHA_TEST 1
15 #define USE_TEXTURE 1
16 #define IS_GRAY 1
17 
18 precision highp float;
19 uniform highp vec4 cc_time;
20 uniform highp mat4 cc_matView;
21   uniform highp mat4 cc_matProj;
22   uniform highp mat4 cc_matViewProj;
23   uniform highp vec4 cc_cameraPos;
24 
25 
26 #if USE_LOCAL
27   uniform highp mat4 cc_matWorld;
28 
29   
30 #endif
31 #if SAMPLE_FROM_RT
32   
33   #define QUATER_PI         0.78539816340
34   #define HALF_PI           1.57079632679
35   #define PI                3.14159265359
36   #define PI2               6.28318530718
37   #define PI4               12.5663706144
38   
39   #define INV_QUATER_PI     1.27323954474
40   #define INV_HALF_PI       0.63661977237
41   #define INV_PI            0.31830988618
42   #define INV_PI2           0.15915494309
43   #define INV_PI4           0.07957747155
44   
45   #define EPSILON           1e-6
46   #define EPSILON_LOWP      1e-4
47   #define LOG2              1.442695
48   #define EXP_VALUE         2.71828183
49   #define FP_MAX            65504.0
50   #define FP_SCALE          0.0009765625
51   #define FP_SCALE_INV      1024.0
52   #define GRAY_VECTOR       vec3(0.299, 0.587, 0.114)
53       #define LIGHT_MAP_TYPE_DISABLED 0
54   #define LIGHT_MAP_TYPE_ALL_IN_ONE 1
55   #define LIGHT_MAP_TYPE_INDIRECT_OCCLUSION 2
56   #define REFLECTION_PROBE_TYPE_NONE 0
57   #define REFLECTION_PROBE_TYPE_CUBE 1
58   #define REFLECTION_PROBE_TYPE_PLANAR 2
59   #define REFLECTION_PROBE_TYPE_BLEND 3
60   #define REFLECTION_PROBE_TYPE_BLEND_AND_SKYBOX 4
61       #define LIGHT_TYPE_DIRECTIONAL 0.0
62   #define LIGHT_TYPE_SPHERE 1.0
63   #define LIGHT_TYPE_SPOT 2.0
64   #define LIGHT_TYPE_POINT 3.0
65   #define LIGHT_TYPE_RANGED_DIRECTIONAL 4.0
66   
67   #define IS_DIRECTIONAL_LIGHT(light_type) (abs(float(light_type) - float(LIGHT_TYPE_DIRECTIONAL)) < EPSILON_LOWP)
68   #define IS_SPHERE_LIGHT(light_type) (abs(float(light_type) - float(LIGHT_TYPE_SPHERE)) < EPSILON_LOWP)
69   #define IS_SPOT_LIGHT(light_type) (abs(float(light_type) - float(LIGHT_TYPE_SPOT)) < EPSILON_LOWP)
70   #define IS_POINT_LIGHT(light_type) (abs(float(light_type) - float(LIGHT_TYPE_POINT)) < EPSILON_LOWP)
71   #define IS_RANGED_DIRECTIONAL_LIGHT(light_type) (abs(float(light_type) - float(LIGHT_TYPE_RANGED_DIRECTIONAL)) < EPSILON_LOWP)
72   #define TONE_MAPPING_ACES 0
73   #define TONE_MAPPING_LINEAR 1
74   #define SURFACES_MAX_TRANSMIT_DEPTH_VALUE 999999.0
75   #ifndef CC_SURFACES_DEBUG_VIEW_SINGLE
76     #define CC_SURFACES_DEBUG_VIEW_SINGLE 1
77   #endif
78   #ifndef CC_SURFACES_DEBUG_VIEW_COMPOSITE_AND_MISC
79     #define CC_SURFACES_DEBUG_VIEW_COMPOSITE_AND_MISC 2
80   #endif
81   
82 #endif
83 attribute vec3 a_position;
84 attribute vec2 a_texCoord;
85 attribute vec4 a_color;
86 
87 varying vec4 color;
88 varying vec2 uv0;
89 varying vec3 position;
90 
91 vec4 vert () {
92   vec4 pos = vec4(a_position, 1);
93   pos.x = pos.x * sin(cc_time);
94 
95   #if USE_LOCAL
96     pos = cc_matWorld * pos;
97   #endif
98 
99   #if USE_PIXEL_ALIGNMENT
100     pos = cc_matView * pos;
101     pos.xyz = floor(pos.xyz);
102     pos = cc_matProj * pos;
103   #else
104     pos = cc_matViewProj * pos;
105   #endif
106 
107   uv0 = a_texCoord;
108   #if SAMPLE_FROM_RT
109     uv0 = cc_cameraPos.w > 1.0 ? vec2(uv0.x, 1.0 - uv0.y) : uv0;
110   #endif
111   color = a_color;
112   return pos;
113 }
114 
115 void main() { gl_Position = vert(); }
116 [Assets] builtin-sprite-chip.effect - sprite-vs:vert: Error EFX2406: compilation failed: ↓↓↓↓↓ EXPAND THIS MESSAGE FOR MORE INFO ↓↓↓↓↓
ERROR: 0:93: '=' : dimension mismatch
ERROR: 0:93: 'assign' : cannot convert from 'highp 4-component vector of float' to 'highp float'
 

1 #version 100
2 #define USE_LOCAL 1
3 #define SAMPLE_FROM_RT 1
4 #define CC_DEVICE_SUPPORT_FLOAT_TEXTURE 1
5 #define CC_DEVICE_MAX_FRAGMENT_UNIFORM_VECTORS 1024
6 #define CC_DEVICE_MAX_VERTEX_UNIFORM_VECTORS 1024
7 #define CC_EFFECT_USED_VERTEX_UNIFORM_VECTORS 128
8 #define CC_EFFECT_USED_FRAGMENT_UNIFORM_VECTORS 128
9 #define CC_DEVICE_CAN_BENEFIT_FROM_INPUT_ATTACHMENT 0
10 #define CC_PLATFORM_ANDROID_AND_WEBGL 0
11 #define CC_ENABLE_WEBGL_HIGHP_STRUCT_VALUES 0
12 #define USE_PIXEL_ALIGNMENT 1
13 #define CC_USE_EMBEDDED_ALPHA 1
14 #define USE_ALPHA_TEST 1
15 #define USE_TEXTURE 1
16 #define IS_GRAY 1
17 
18 precision highp float;
19 uniform highp vec4 cc_time;
20 uniform highp mat4 cc_matView;
21   uniform highp mat4 cc_matProj;
22   uniform highp mat4 cc_matViewProj;
23   uniform highp vec4 cc_cameraPos;
24 
25 
26 #if USE_LOCAL
27   uniform highp mat4 cc_matWorld;
28 
29   
30 #endif
31 #if SAMPLE_FROM_RT
32   
33   #define QUATER_PI         0.78539816340
34   #define HALF_PI           1.57079632679
35   #define PI                3.14159265359
36   #define PI2               6.28318530718
37   #define PI4               12.5663706144
38   
39   #define INV_QUATER_PI     1.27323954474
40   #define INV_HALF_PI       0.63661977237
41   #define INV_PI            0.31830988618
42   #define INV_PI2           0.15915494309
43   #define INV_PI4           0.07957747155
44   
45   #define EPSILON           1e-6
46   #define EPSILON_LOWP      1e-4
47   #define LOG2              1.442695
48   #define EXP_VALUE         2.71828183
49   #define FP_MAX            65504.0
50   #define FP_SCALE          0.0009765625
51   #define FP_SCALE_INV      1024.0
52   #define GRAY_VECTOR       vec3(0.299, 0.587, 0.114)
53       #define LIGHT_MAP_TYPE_DISABLED 0
54   #define LIGHT_MAP_TYPE_ALL_IN_ONE 1
55   #define LIGHT_MAP_TYPE_INDIRECT_OCCLUSION 2
56   #define REFLECTION_PROBE_TYPE_NONE 0
57   #define REFLECTION_PROBE_TYPE_CUBE 1
58   #define REFLECTION_PROBE_TYPE_PLANAR 2
59   #define REFLECTION_PROBE_TYPE_BLEND 3
60   #define REFLECTION_PROBE_TYPE_BLEND_AND_SKYBOX 4
61       #define LIGHT_TYPE_DIRECTIONAL 0.0
62   #define LIGHT_TYPE_SPHERE 1.0
63   #define LIGHT_TYPE_SPOT 2.0
64   #define LIGHT_TYPE_POINT 3.0
65   #define LIGHT_TYPE_RANGED_DIRECTIONAL 4.0
66   
67   #define IS_DIRECTIONAL_LIGHT(light_type) (abs(float(light_type) - float(LIGHT_TYPE_DIRECTIONAL)) < EPSILON_LOWP)
68   #define IS_SPHERE_LIGHT(light_type) (abs(float(light_type) - float(LIGHT_TYPE_SPHERE)) < EPSILON_LOWP)
69   #define IS_SPOT_LIGHT(light_type) (abs(float(light_type) - float(LIGHT_TYPE_SPOT)) < EPSILON_LOWP)
70   #define IS_POINT_LIGHT(light_type) (abs(float(light_type) - float(LIGHT_TYPE_POINT)) < EPSILON_LOWP)
71   #define IS_RANGED_DIRECTIONAL_LIGHT(light_type) (abs(float(light_type) - float(LIGHT_TYPE_RANGED_DIRECTIONAL)) < EPSILON_LOWP)
72   #define TONE_MAPPING_ACES 0
73   #define TONE_MAPPING_LINEAR 1
74   #define SURFACES_MAX_TRANSMIT_DEPTH_VALUE 999999.0
75   #ifndef CC_SURFACES_DEBUG_VIEW_SINGLE
76     #define CC_SURFACES_DEBUG_VIEW_SINGLE 1
77   #endif
78   #ifndef CC_SURFACES_DEBUG_VIEW_COMPOSITE_AND_MISC
79     #define CC_SURFACES_DEBUG_VIEW_COMPOSITE_AND_MISC 2
80   #endif
81   
82 #endif
83 attribute vec3 a_position;
84 attribute vec2 a_texCoord;
85 attribute vec4 a_color;
86 
87 varying vec4 color;
88 varying vec2 uv0;
89 varying vec3 position;
90 
91 vec4 vert () {
92   vec4 pos = vec4(a_position, 1);
93   pos.x = pos.x * sin(cc_time);
94 
95   #if USE_LOCAL
96     pos = cc_matWorld * pos;
97   #endif
98 
99   #if USE_PIXEL_ALIGNMENT
100     pos = cc_matView * pos;
101     pos.xyz = floor(pos.xyz);
102     pos = cc_matProj * pos;
103   #else
104     pos = cc_matViewProj * pos;
105   #endif
106 
107   uv0 = a_texCoord;
108   #if SAMPLE_FROM_RT
109     uv0 = cc_cameraPos.w > 1.0 ? vec2(uv0.x, 1.0 - uv0.y) : uv0;
110   #endif
111   color = a_color;
112   return pos;
113 }
114 
115 void main() { gl_Position = vert(); }
116   
1 #version 100  
2 #define USE_LOCAL 1  
3 #define SAMPLE_FROM_RT 1  
4 #define CC_DEVICE_SUPPORT_FLOAT_TEXTURE 1  
5 #define CC_DEVICE_MAX_FRAGMENT_UNIFORM_VECTORS 1024  
6 #define CC_DEVICE_MAX_VERTEX_UNIFORM_VECTORS 1024  
7 #define CC_EFFECT_USED_VERTEX_UNIFORM_VECTORS 128  
8 #define CC_EFFECT_USED_FRAGMENT_UNIFORM_VECTORS 128  
9 #define CC_DEVICE_CAN_BENEFIT_FROM_INPUT_ATTACHMENT 0  
10 #define CC_PLATFORM_ANDROID_AND_WEBGL 0  
11 #define CC_ENABLE_WEBGL_HIGHP_STRUCT_VALUES 0  
12 #define USE_PIXEL_ALIGNMENT 1  
13 #define CC_USE_EMBEDDED_ALPHA 1  
14 #define USE_ALPHA_TEST 1  
15 #define USE_TEXTURE 1  
16 #define IS_GRAY 1  
17  
18 precision highp float;  
19 uniform highp vec4 cc_time;  
20 uniform highp mat4 cc_matView;  
21   uniform highp mat4 cc_matProj;  
22   uniform highp mat4 cc_matViewProj;  
23   uniform highp vec4 cc_cameraPos;  
24  
25  
26 #if USE_LOCAL  
27   uniform highp mat4 cc_matWorld;  
28  
29  
30 #endif  
31 #if SAMPLE_FROM_RT  
32  
33   #define QUATER_PI         0.78539816340  
34   #define HALF_PI           1.57079632679  
35   #define PI                3.14159265359  
36   #define PI2               6.28318530718  
37   #define PI4               12.5663706144  
38  
39   #define INV_QUATER_PI     1.27323954474  
40   #define INV_HALF_PI       0.63661977237  
41   #define INV_PI            0.31830988618  
42   #define INV_PI2           0.15915494309  
43   #define INV_PI4           0.07957747155  
44  
45   #define EPSILON           1e-6  
46   #define EPSILON_LOWP      1e-4  
47   #define LOG2              1.442695  
48   #define EXP_VALUE         2.71828183  
49   #define FP_MAX            65504.0  
50   #define FP_SCALE          0.0009765625  
51   #define FP_SCALE_INV      1024.0  
52   #define GRAY_VECTOR       vec3(0.299, 0.587, 0.114)  
53       #define LIGHT_MAP_TYPE_DISABLED 0  
54   #define LIGHT_MAP_TYPE_ALL_IN_ONE 1  
55   #define LIGHT_MAP_TYPE_INDIRECT_OCCLUSION 2  
56   #define REFLECTION_PROBE_TYPE_NONE 0  
57   #define REFLECTION_PROBE_TYPE_CUBE 1  
58   #define REFLECTION_PROBE_TYPE_PLANAR 2  
59   #define REFLECTION_PROBE_TYPE_BLEND 3  
60   #define REFLECTION_PROBE_TYPE_BLEND_AND_SKYBOX 4  
61       #define LIGHT_TYPE_DIRECTIONAL 0.0  
62   #define LIGHT_TYPE_SPHERE 1.0  
63   #define LIGHT_TYPE_SPOT 2.0  
64   #define LIGHT_TYPE_POINT 3.0  
65   #define LIGHT_TYPE_RANGED_DIRECTIONAL 4.0  
66  
67   #define IS_DIRECTIONAL_LIGHT(light_type) (abs(float(light_type) - float(LIGHT_TYPE_DIRECTIONAL)) < EPSILON_LOWP)  
68   #define IS_SPHERE_LIGHT(light_type) (abs(float(light_type) - float(LIGHT_TYPE_SPHERE)) < EPSILON_LOWP)  
69   #define IS_SPOT_LIGHT(light_type) (abs(float(light_type) - float(LIGHT_TYPE_SPOT)) < EPSILON_LOWP)  
70   #define IS_POINT_LIGHT(light_type) (abs(float(light_type) - float(LIGHT_TYPE_POINT)) < EPSILON_LOWP)  
71   #define IS_RANGED_DIRECTIONAL_LIGHT(light_type) (abs(float(light_type) - float(LIGHT_TYPE_RANGED_DIRECTIONAL)) < EPSILON_LOWP)  
72   #define TONE_MAPPING_ACES 0  
73   #define TONE_MAPPING_LINEAR 1  
74   #define SURFACES_MAX_TRANSMIT_DEPTH_VALUE 999999.0  
75   #ifndef CC_SURFACES_DEBUG_VIEW_SINGLE  
76     #define CC_SURFACES_DEBUG_VIEW_SINGLE 1  
77   #endif  
78   #ifndef CC_SURFACES_DEBUG_VIEW_COMPOSITE_AND_MISC  
79     #define CC_SURFACES_DEBUG_VIEW_COMPOSITE_AND_MISC 2  
80   #endif  
81  
82 #endif  
83 attribute vec3 a_position;  
84 attribute vec2 a_texCoord;  
85 attribute vec4 a_color;  
86  
87 varying vec4 color;  
88 varying vec2 uv0;  
89 varying vec3 position;  
90  
91 vec4 vert () {  
92   vec4 pos = vec4(a_position, 1);  
93   pos.x = pos.x * sin(cc_time);  
94  
95   #if USE_LOCAL  
96     pos = cc_matWorld * pos;  
97   #endif  
98  
99   #if USE_PIXEL_ALIGNMENT  
100     pos = cc_matView * pos;  
101     pos.xyz = floor(pos.xyz);  
102     pos = cc_matProj * pos;  
103   #else  
104     pos = cc_matViewProj * pos;  
105   #endif  
106  
107   uv0 = a_texCoord;  
108   #if SAMPLE_FROM_RT  
109     uv0 = cc_cameraPos.w > 1.0 ? vec2(uv0.x, 1.0 - uv0.y) : uv0;  
110   #endif  
111   color = a_color;  
112   return pos;  
113 }  
114  
115 void main() { gl_Position = vert(); }  
116  
at Object.encode (D:\code_software\cocoscreator\editors\Creator\3.8.3\resources\app.asar\node_modules\@base\electron-worker\node_modules\v-stacks\index.js:14:17)  
at Logger._logHandler (D:\code_software\cocoscreator\editors\Creator\3.8.3\resources\app.asar\node_modules\@base\electron-worker\static\script.ccc:1:531)  
at Logger.record (D:\code_software\cocoscreator\editors\Creator\3.8.3\resources\app.asar\node_modules\@base\electron-logger\lib\renderer.ccc:1:458)  
at Object.error (D:\code_software\cocoscreator\editors\Creator\3.8.3\resources\app.asar\node_modules\@base\electron-logger\lib\renderer.ccc:1:1414)  
at Object.error (D:\code_software\cocoscreator\editors\Creator\3.8.3\resources\app.asar\builtin\asset-db\dist\worker\console.ccc:1:1409)  
at import (D:\code_software\cocoscreator\editors\Creator\3.8.3\resources\app.asar\modules\engine-extensions\extensions\engine-extends\dist\handler\assets\effect.ccc:1:5904)  
at CustomImporter.import (D:\code_software\cocoscreator\editors\Creator\3.8.3\resources\app.asar\builtin\asset-db\dist\worker\manager\asset-handler-manager.ccc:1:1206)
2025-1-8 16:49:43 - warn: [Scene] EffectAsset builtin-standard.effect c8f66d17-351a-48da-a12c-0212d28575c4 not foundError: [Scene] EffectAsset builtin-standard.effect c8f66d17-351a-48da-a12c-0212d28575c4 not found
    at MaterialAsset.queryAllEffects (D:\code_software\cocoscreator\editors\Creator\3.8.3\resources\app.asar\builtin\scene\dist\script\3d\manager\asset\material.ccc:1:4114)
2025-1-8 16:50:52 - warn: [Scene] EffectAsset builtin-standard.effect c8f66d17-351a-48da-a12c-0212d28575c4 not foundError: [Scene] EffectAsset builtin-standard.effect c8f66d17-351a-48da-a12c-0212d28575c4 not found
    at MaterialAsset.queryAllEffects (D:\code_software\cocoscreator\editors\Creator\3.8.3\resources\app.asar\builtin\scene\dist\script\3d\manager\asset\material.ccc:1:4114)
2025-1-8 16:52:11 - warn: [Scene] EffectAsset builtin-standard.effect c8f66d17-351a-48da-a12c-0212d28575c4 not foundError: [Scene] EffectAsset builtin-standard.effect c8f66d17-351a-48da-a12c-0212d28575c4 not found
    at MaterialAsset.queryAllEffects (D:\code_software\cocoscreator\editors\Creator\3.8.3\resources\app.asar\builtin\scene\dist\script\3d\manager\asset\material.ccc:1:4114)
2025-1-8 16:53:11 - warn: [Scene] EffectAsset builtin-standard.effect c8f66d17-351a-48da-a12c-0212d28575c4 not foundError: [Scene] EffectAsset builtin-standard.effect c8f66d17-351a-48da-a12c-0212d28575c4 not found
    at MaterialAsset.queryAllEffects (D:\code_software\cocoscreator\editors\Creator\3.8.3\resources\app.asar\builtin\scene\dist\script\3d\manager\asset\material.ccc:1:4114)
2025-1-8 16:53:39 - warn: [Scene] EffectAsset builtin-standard.effect c8f66d17-351a-48da-a12c-0212d28575c4 not foundError: [Scene] EffectAsset builtin-standard.effect c8f66d17-351a-48da-a12c-0212d28575c4 not found
    at MaterialAsset.queryAllEffects (D:\code_software\cocoscreator\editors\Creator\3.8.3\resources\app.asar\builtin\scene\dist\script\3d\manager\asset\material.ccc:1:4114)
2025-1-8 16:53:53 - warn: [Scene] EffectAsset builtin-standard.effect c8f66d17-351a-48da-a12c-0212d28575c4 not foundError: [Scene] EffectAsset builtin-standard.effect c8f66d17-351a-48da-a12c-0212d28575c4 not found
    at MaterialAsset.queryAllEffects (D:\code_software\cocoscreator\editors\Creator\3.8.3\resources\app.asar\builtin\scene\dist\script\3d\manager\asset\material.ccc:1:4114)
2025-1-8 16:53:57 - warn: [Scene] EffectAsset builtin-standard.effect c8f66d17-351a-48da-a12c-0212d28575c4 not foundError: [Scene] EffectAsset builtin-standard.effect c8f66d17-351a-48da-a12c-0212d28575c4 not found
    at MaterialAsset.queryAllEffects (D:\code_software\cocoscreator\editors\Creator\3.8.3\resources\app.asar\builtin\scene\dist\script\3d\manager\asset\material.ccc:1:4114)
2025-1-8 16:54:35 - warn: [Scene] EffectAsset builtin-standard.effect c8f66d17-351a-48da-a12c-0212d28575c4 not foundError: [Scene] EffectAsset builtin-standard.effect c8f66d17-351a-48da-a12c-0212d28575c4 not found
    at MaterialAsset.queryAllEffects (D:\code_software\cocoscreator\editors\Creator\3.8.3\resources\app.asar\builtin\scene\dist\script\3d\manager\asset\material.ccc:1:4114)
2025-1-8 16:54:40 - warn: [Scene] EffectAsset builtin-standard.effect c8f66d17-351a-48da-a12c-0212d28575c4 not foundError: [Scene] EffectAsset builtin-standard.effect c8f66d17-351a-48da-a12c-0212d28575c4 not found
    at MaterialAsset.queryAllEffects (D:\code_software\cocoscreator\editors\Creator\3.8.3\resources\app.asar\builtin\scene\dist\script\3d\manager\asset\material.ccc:1:4114)
2025-1-8 16:55:08 - warn: [Scene] EffectAsset builtin-standard.effect c8f66d17-351a-48da-a12c-0212d28575c4 not foundError: [Scene] EffectAsset builtin-standard.effect c8f66d17-351a-48da-a12c-0212d28575c4 not found
    at MaterialAsset.queryAllEffects (D:\code_software\cocoscreator\editors\Creator\3.8.3\resources\app.asar\builtin\scene\dist\script\3d\manager\asset\material.ccc:1:4114)
2025-1-8 17:02:37 - warn: [Scene] EffectAsset builtin-standard.effect c8f66d17-351a-48da-a12c-0212d28575c4 not foundError: [Scene] EffectAsset builtin-standard.effect c8f66d17-351a-48da-a12c-0212d28575c4 not found
    at MaterialAsset.queryAllEffects (D:\code_software\cocoscreator\editors\Creator\3.8.3\resources\app.asar\builtin\scene\dist\script\3d\manager\asset\material.ccc:1:4114)
2025-1-8 17:32:08 - warn: [Scene] EffectAsset builtin-standard.effect c8f66d17-351a-48da-a12c-0212d28575c4 not foundError: [Scene] EffectAsset builtin-standard.effect c8f66d17-351a-48da-a12c-0212d28575c4 not found
    at MaterialAsset.queryAllEffects (D:\code_software\cocoscreator\editors\Creator\3.8.3\resources\app.asar\builtin\scene\dist\script\3d\manager\asset\material.ccc:1:4114)
2025-1-8 17:32:28 - warn: [Scene] EffectAsset builtin-standard.effect c8f66d17-351a-48da-a12c-0212d28575c4 not foundError: [Scene] EffectAsset builtin-standard.effect c8f66d17-351a-48da-a12c-0212d28575c4 not found
    at MaterialAsset.queryAllEffects (D:\code_software\cocoscreator\editors\Creator\3.8.3\resources\app.asar\builtin\scene\dist\script\3d\manager\asset\material.ccc:1:4114)
2025-1-8 17:32:51 - warn: [Scene] EffectAsset builtin-standard.effect c8f66d17-351a-48da-a12c-0212d28575c4 not foundError: [Scene] EffectAsset builtin-standard.effect c8f66d17-351a-48da-a12c-0212d28575c4 not found
    at MaterialAsset.queryAllEffects (D:\code_software\cocoscreator\editors\Creator\3.8.3\resources\app.asar\builtin\scene\dist\script\3d\manager\asset\material.ccc:1:4114)
2025-1-8 17:33:11 - error: [Assets] builtin-sprite-chip.effect - sprite-vs:vert: Error EFX2406: compilation failed: ↓↓↓↓↓ EXPAND THIS MESSAGE FOR MORE INFO ↓↓↓↓↓
ERROR: 0:92: '>' : wrong operand types - no operation '>' exists that takes a left-hand operand of type 'highp float' and a right operand of type 'const int' (or there is no acceptable conversion)
 

1 #version 100
2 #define USE_LOCAL 1
3 #define SAMPLE_FROM_RT 1
4 #define CC_DEVICE_SUPPORT_FLOAT_TEXTURE 1
5 #define CC_DEVICE_MAX_FRAGMENT_UNIFORM_VECTORS 1024
6 #define CC_DEVICE_MAX_VERTEX_UNIFORM_VECTORS 1024
7 #define CC_EFFECT_USED_VERTEX_UNIFORM_VECTORS 128
8 #define CC_EFFECT_USED_FRAGMENT_UNIFORM_VECTORS 128
9 #define CC_DEVICE_CAN_BENEFIT_FROM_INPUT_ATTACHMENT 0
10 #define CC_PLATFORM_ANDROID_AND_WEBGL 0
11 #define CC_ENABLE_WEBGL_HIGHP_STRUCT_VALUES 0
12 #define USE_PIXEL_ALIGNMENT 1
13 #define CC_USE_EMBEDDED_ALPHA 1
14 #define USE_ALPHA_TEST 1
15 #define USE_TEXTURE 1
16 #define IS_GRAY 1
17 
18 precision highp float;
19 uniform highp mat4 cc_matView;
20   uniform highp mat4 cc_matProj;
21   uniform highp mat4 cc_matViewProj;
22   uniform highp vec4 cc_cameraPos;
23 
24 
25 #if USE_LOCAL
26   uniform highp mat4 cc_matWorld;
27 
28   
29 #endif
30 #if SAMPLE_FROM_RT
31   
32   #define QUATER_PI         0.78539816340
33   #define HALF_PI           1.57079632679
34   #define PI                3.14159265359
35   #define PI2               6.28318530718
36   #define PI4               12.5663706144
37   
38   #define INV_QUATER_PI     1.27323954474
39   #define INV_HALF_PI       0.63661977237
40   #define INV_PI            0.31830988618
41   #define INV_PI2           0.15915494309
42   #define INV_PI4           0.07957747155
43   
44   #define EPSILON           1e-6
45   #define EPSILON_LOWP      1e-4
46   #define LOG2              1.442695
47   #define EXP_VALUE         2.71828183
48   #define FP_MAX            65504.0
49   #define FP_SCALE          0.0009765625
50   #define FP_SCALE_INV      1024.0
51   #define GRAY_VECTOR       vec3(0.299, 0.587, 0.114)
52       #define LIGHT_MAP_TYPE_DISABLED 0
53   #define LIGHT_MAP_TYPE_ALL_IN_ONE 1
54   #define LIGHT_MAP_TYPE_INDIRECT_OCCLUSION 2
55   #define REFLECTION_PROBE_TYPE_NONE 0
56   #define REFLECTION_PROBE_TYPE_CUBE 1
57   #define REFLECTION_PROBE_TYPE_PLANAR 2
58   #define REFLECTION_PROBE_TYPE_BLEND 3
59   #define REFLECTION_PROBE_TYPE_BLEND_AND_SKYBOX 4
60       #define LIGHT_TYPE_DIRECTIONAL 0.0
61   #define LIGHT_TYPE_SPHERE 1.0
62   #define LIGHT_TYPE_SPOT 2.0
63   #define LIGHT_TYPE_POINT 3.0
64   #define LIGHT_TYPE_RANGED_DIRECTIONAL 4.0
65   
66   #define IS_DIRECTIONAL_LIGHT(light_type) (abs(float(light_type) - float(LIGHT_TYPE_DIRECTIONAL)) < EPSILON_LOWP)
67   #define IS_SPHERE_LIGHT(light_type) (abs(float(light_type) - float(LIGHT_TYPE_SPHERE)) < EPSILON_LOWP)
68   #define IS_SPOT_LIGHT(light_type) (abs(float(light_type) - float(LIGHT_TYPE_SPOT)) < EPSILON_LOWP)
69   #define IS_POINT_LIGHT(light_type) (abs(float(light_type) - float(LIGHT_TYPE_POINT)) < EPSILON_LOWP)
70   #define IS_RANGED_DIRECTIONAL_LIGHT(light_type) (abs(float(light_type) - float(LIGHT_TYPE_RANGED_DIRECTIONAL)) < EPSILON_LOWP)
71   #define TONE_MAPPING_ACES 0
72   #define TONE_MAPPING_LINEAR 1
73   #define SURFACES_MAX_TRANSMIT_DEPTH_VALUE 999999.0
74   #ifndef CC_SURFACES_DEBUG_VIEW_SINGLE
75     #define CC_SURFACES_DEBUG_VIEW_SINGLE 1
76   #endif
77   #ifndef CC_SURFACES_DEBUG_VIEW_COMPOSITE_AND_MISC
78     #define CC_SURFACES_DEBUG_VIEW_COMPOSITE_AND_MISC 2
79   #endif
80   
81 #endif
82 attribute vec3 a_position;
83 attribute vec2 a_texCoord;
84 attribute vec4 a_color;
85 
86 varying vec4 color;
87 varying vec2 uv0;
88 varying vec3 position;
89 
90 vec4 vert () {
91   vec4 pos = vec4(a_position, 1);
92   if(abs(pos.x - pos.y)> 1)pos.z = pos.x;
93 
94   #if USE_LOCAL
95     pos = cc_matWorld * pos;
96   #endif
97 
98   #if USE_PIXEL_ALIGNMENT
99     pos = cc_matView * pos;
100     pos.xyz = floor(pos.xyz);
101     pos = cc_matProj * pos;
102   #else
103     pos = cc_matViewProj * pos;
104   #endif
105 
106   uv0 = a_texCoord;
107   #if SAMPLE_FROM_RT
108     uv0 = cc_cameraPos.w > 1.0 ? vec2(uv0.x, 1.0 - uv0.y) : uv0;
109   #endif
110   color = a_color;
111   return pos;
112 }
113 
114 void main() { gl_Position = vert(); }
115 [Assets] builtin-sprite-chip.effect - sprite-vs:vert: Error EFX2406: compilation failed: ↓↓↓↓↓ EXPAND THIS MESSAGE FOR MORE INFO ↓↓↓↓↓
ERROR: 0:92: '>' : wrong operand types - no operation '>' exists that takes a left-hand operand of type 'highp float' and a right operand of type 'const int' (or there is no acceptable conversion)
 

1 #version 100
2 #define USE_LOCAL 1
3 #define SAMPLE_FROM_RT 1
4 #define CC_DEVICE_SUPPORT_FLOAT_TEXTURE 1
5 #define CC_DEVICE_MAX_FRAGMENT_UNIFORM_VECTORS 1024
6 #define CC_DEVICE_MAX_VERTEX_UNIFORM_VECTORS 1024
7 #define CC_EFFECT_USED_VERTEX_UNIFORM_VECTORS 128
8 #define CC_EFFECT_USED_FRAGMENT_UNIFORM_VECTORS 128
9 #define CC_DEVICE_CAN_BENEFIT_FROM_INPUT_ATTACHMENT 0
10 #define CC_PLATFORM_ANDROID_AND_WEBGL 0
11 #define CC_ENABLE_WEBGL_HIGHP_STRUCT_VALUES 0
12 #define USE_PIXEL_ALIGNMENT 1
13 #define CC_USE_EMBEDDED_ALPHA 1
14 #define USE_ALPHA_TEST 1
15 #define USE_TEXTURE 1
16 #define IS_GRAY 1
17 
18 precision highp float;
19 uniform highp mat4 cc_matView;
20   uniform highp mat4 cc_matProj;
21   uniform highp mat4 cc_matViewProj;
22   uniform highp vec4 cc_cameraPos;
23 
24 
25 #if USE_LOCAL
26   uniform highp mat4 cc_matWorld;
27 
28   
29 #endif
30 #if SAMPLE_FROM_RT
31   
32   #define QUATER_PI         0.78539816340
33   #define HALF_PI           1.57079632679
34   #define PI                3.14159265359
35   #define PI2               6.28318530718
36   #define PI4               12.5663706144
37   
38   #define INV_QUATER_PI     1.27323954474
39   #define INV_HALF_PI       0.63661977237
40   #define INV_PI            0.31830988618
41   #define INV_PI2           0.15915494309
42   #define INV_PI4           0.07957747155
43   
44   #define EPSILON           1e-6
45   #define EPSILON_LOWP      1e-4
46   #define LOG2              1.442695
47   #define EXP_VALUE         2.71828183
48   #define FP_MAX            65504.0
49   #define FP_SCALE          0.0009765625
50   #define FP_SCALE_INV      1024.0
51   #define GRAY_VECTOR       vec3(0.299, 0.587, 0.114)
52       #define LIGHT_MAP_TYPE_DISABLED 0
53   #define LIGHT_MAP_TYPE_ALL_IN_ONE 1
54   #define LIGHT_MAP_TYPE_INDIRECT_OCCLUSION 2
55   #define REFLECTION_PROBE_TYPE_NONE 0
56   #define REFLECTION_PROBE_TYPE_CUBE 1
57   #define REFLECTION_PROBE_TYPE_PLANAR 2
58   #define REFLECTION_PROBE_TYPE_BLEND 3
59   #define REFLECTION_PROBE_TYPE_BLEND_AND_SKYBOX 4
60       #define LIGHT_TYPE_DIRECTIONAL 0.0
61   #define LIGHT_TYPE_SPHERE 1.0
62   #define LIGHT_TYPE_SPOT 2.0
63   #define LIGHT_TYPE_POINT 3.0
64   #define LIGHT_TYPE_RANGED_DIRECTIONAL 4.0
65   
66   #define IS_DIRECTIONAL_LIGHT(light_type) (abs(float(light_type) - float(LIGHT_TYPE_DIRECTIONAL)) < EPSILON_LOWP)
67   #define IS_SPHERE_LIGHT(light_type) (abs(float(light_type) - float(LIGHT_TYPE_SPHERE)) < EPSILON_LOWP)
68   #define IS_SPOT_LIGHT(light_type) (abs(float(light_type) - float(LIGHT_TYPE_SPOT)) < EPSILON_LOWP)
69   #define IS_POINT_LIGHT(light_type) (abs(float(light_type) - float(LIGHT_TYPE_POINT)) < EPSILON_LOWP)
70   #define IS_RANGED_DIRECTIONAL_LIGHT(light_type) (abs(float(light_type) - float(LIGHT_TYPE_RANGED_DIRECTIONAL)) < EPSILON_LOWP)
71   #define TONE_MAPPING_ACES 0
72   #define TONE_MAPPING_LINEAR 1
73   #define SURFACES_MAX_TRANSMIT_DEPTH_VALUE 999999.0
74   #ifndef CC_SURFACES_DEBUG_VIEW_SINGLE
75     #define CC_SURFACES_DEBUG_VIEW_SINGLE 1
76   #endif
77   #ifndef CC_SURFACES_DEBUG_VIEW_COMPOSITE_AND_MISC
78     #define CC_SURFACES_DEBUG_VIEW_COMPOSITE_AND_MISC 2
79   #endif
80   
81 #endif
82 attribute vec3 a_position;
83 attribute vec2 a_texCoord;
84 attribute vec4 a_color;
85 
86 varying vec4 color;
87 varying vec2 uv0;
88 varying vec3 position;
89 
90 vec4 vert () {
91   vec4 pos = vec4(a_position, 1);
92   if(abs(pos.x - pos.y)> 1)pos.z = pos.x;
93 
94   #if USE_LOCAL
95     pos = cc_matWorld * pos;
96   #endif
97 
98   #if USE_PIXEL_ALIGNMENT
99     pos = cc_matView * pos;
100     pos.xyz = floor(pos.xyz);
101     pos = cc_matProj * pos;
102   #else
103     pos = cc_matViewProj * pos;
104   #endif
105 
106   uv0 = a_texCoord;
107   #if SAMPLE_FROM_RT
108     uv0 = cc_cameraPos.w > 1.0 ? vec2(uv0.x, 1.0 - uv0.y) : uv0;
109   #endif
110   color = a_color;
111   return pos;
112 }
113 
114 void main() { gl_Position = vert(); }
115   
2 #define USE_LOCAL 1  
3 #define SAMPLE_FROM_RT 1  
4 #define CC_DEVICE_SUPPORT_FLOAT_TEXTURE 1  
5 #define CC_DEVICE_MAX_FRAGMENT_UNIFORM_VECTORS 1024  
6 #define CC_DEVICE_MAX_VERTEX_UNIFORM_VECTORS 1024  
7 #define CC_EFFECT_USED_VERTEX_UNIFORM_VECTORS 128  
8 #define CC_EFFECT_USED_FRAGMENT_UNIFORM_VECTORS 128  
9 #define CC_DEVICE_CAN_BENEFIT_FROM_INPUT_ATTACHMENT 0  
10 #define CC_PLATFORM_ANDROID_AND_WEBGL 0  
11 #define CC_ENABLE_WEBGL_HIGHP_STRUCT_VALUES 0  
12 #define USE_PIXEL_ALIGNMENT 1  
13 #define CC_USE_EMBEDDED_ALPHA 1  
14 #define USE_ALPHA_TEST 1  
15 #define USE_TEXTURE 1  
16 #define IS_GRAY 1  
17  
18 precision highp float;  
19 uniform highp mat4 cc_matView;  
20   uniform highp mat4 cc_matProj;  
21   uniform highp mat4 cc_matViewProj;  
22   uniform highp vec4 cc_cameraPos;  
23  
24  
25 #if USE_LOCAL  
26   uniform highp mat4 cc_matWorld;  
27  
28  
29 #endif  
30 #if SAMPLE_FROM_RT  
31  
32   #define QUATER_PI         0.78539816340  
33   #define HALF_PI           1.57079632679  
34   #define PI                3.14159265359  
35   #define PI2               6.28318530718  
36   #define PI4               12.5663706144  
37  
38   #define INV_QUATER_PI     1.27323954474  
39   #define INV_HALF_PI       0.63661977237  
40   #define INV_PI            0.31830988618  
41   #define INV_PI2           0.15915494309  
42   #define INV_PI4           0.07957747155  
43  
44   #define EPSILON           1e-6  
45   #define EPSILON_LOWP      1e-4  
46   #define LOG2              1.442695  
47   #define EXP_VALUE         2.71828183  
48   #define FP_MAX            65504.0  
49   #define FP_SCALE          0.0009765625  
50   #define FP_SCALE_INV      1024.0  
51   #define GRAY_VECTOR       vec3(0.299, 0.587, 0.114)  
52       #define LIGHT_MAP_TYPE_DISABLED 0  
53   #define LIGHT_MAP_TYPE_ALL_IN_ONE 1  
54   #define LIGHT_MAP_TYPE_INDIRECT_OCCLUSION 2  
55   #define REFLECTION_PROBE_TYPE_NONE 0  
56   #define REFLECTION_PROBE_TYPE_CUBE 1  
57   #define REFLECTION_PROBE_TYPE_PLANAR 2  
58   #define REFLECTION_PROBE_TYPE_BLEND 3  
59   #define REFLECTION_PROBE_TYPE_BLEND_AND_SKYBOX 4  
60       #define LIGHT_TYPE_DIRECTIONAL 0.0  
61   #define LIGHT_TYPE_SPHERE 1.0  
62   #define LIGHT_TYPE_SPOT 2.0  
63   #define LIGHT_TYPE_POINT 3.0  
64   #define LIGHT_TYPE_RANGED_DIRECTIONAL 4.0  
65  
66   #define IS_DIRECTIONAL_LIGHT(light_type) (abs(float(light_type) - float(LIGHT_TYPE_DIRECTIONAL)) < EPSILON_LOWP)  
67   #define IS_SPHERE_LIGHT(light_type) (abs(float(light_type) - float(LIGHT_TYPE_SPHERE)) < EPSILON_LOWP)  
68   #define IS_SPOT_LIGHT(light_type) (abs(float(light_type) - float(LIGHT_TYPE_SPOT)) < EPSILON_LOWP)  
69   #define IS_POINT_LIGHT(light_type) (abs(float(light_type) - float(LIGHT_TYPE_POINT)) < EPSILON_LOWP)  
70   #define IS_RANGED_DIRECTIONAL_LIGHT(light_type) (abs(float(light_type) - float(LIGHT_TYPE_RANGED_DIRECTIONAL)) < EPSILON_LOWP)  
71   #define TONE_MAPPING_ACES 0  
72   #define TONE_MAPPING_LINEAR 1  
73   #define SURFACES_MAX_TRANSMIT_DEPTH_VALUE 999999.0  
74   #ifndef CC_SURFACES_DEBUG_VIEW_SINGLE  
75     #define CC_SURFACES_DEBUG_VIEW_SINGLE 1  
76   #endif  
77   #ifndef CC_SURFACES_DEBUG_VIEW_COMPOSITE_AND_MISC  
78     #define CC_SURFACES_DEBUG_VIEW_COMPOSITE_AND_MISC 2  
79   #endif  
80  
81 #endif  
82 attribute vec3 a_position;  
83 attribute vec2 a_texCoord;  
84 attribute vec4 a_color;  
85  
86 varying vec4 color;  
87 varying vec2 uv0;  
88 varying vec3 position;  
89  
90 vec4 vert () {  
91   vec4 pos = vec4(a_position, 1);  
92   if(abs(pos.x - pos.y)> 1)pos.z = pos.x;  
93  
94   #if USE_LOCAL  
95     pos = cc_matWorld * pos;  
96   #endif  
97  
98   #if USE_PIXEL_ALIGNMENT  
99     pos = cc_matView * pos;  
100     pos.xyz = floor(pos.xyz);  
101     pos = cc_matProj * pos;  
102   #else  
103     pos = cc_matViewProj * pos;  
104   #endif  
105  
106   uv0 = a_texCoord;  
107   #if SAMPLE_FROM_RT  
108     uv0 = cc_cameraPos.w > 1.0 ? vec2(uv0.x, 1.0 - uv0.y) : uv0;  
109   #endif  
110   color = a_color;  
111   return pos;  
112 }  
113  
114 void main() { gl_Position = vert(); }  
115  
at Object.encode (D:\code_software\cocoscreator\editors\Creator\3.8.3\resources\app.asar\node_modules\@base\electron-worker\node_modules\v-stacks\index.js:14:17)  
at Logger._logHandler (D:\code_software\cocoscreator\editors\Creator\3.8.3\resources\app.asar\node_modules\@base\electron-worker\static\script.ccc:1:531)  
at Logger.record (D:\code_software\cocoscreator\editors\Creator\3.8.3\resources\app.asar\node_modules\@base\electron-logger\lib\renderer.ccc:1:458)  
at Object.error (D:\code_software\cocoscreator\editors\Creator\3.8.3\resources\app.asar\node_modules\@base\electron-logger\lib\renderer.ccc:1:1414)  
at Object.error (D:\code_software\cocoscreator\editors\Creator\3.8.3\resources\app.asar\builtin\asset-db\dist\worker\console.ccc:1:1409)  
at import (D:\code_software\cocoscreator\editors\Creator\3.8.3\resources\app.asar\modules\engine-extensions\extensions\engine-extends\dist\handler\assets\effect.ccc:1:5904)  
at CustomImporter.import (D:\code_software\cocoscreator\editors\Creator\3.8.3\resources\app.asar\builtin\asset-db\dist\worker\manager\asset-handler-manager.ccc:1:1206)
2025-1-8 17:33:11 - warn: [Scene] EffectAsset builtin-standard.effect c8f66d17-351a-48da-a12c-0212d28575c4 not foundError: [Scene] EffectAsset builtin-standard.effect c8f66d17-351a-48da-a12c-0212d28575c4 not found
    at MaterialAsset.queryAllEffects (D:\code_software\cocoscreator\editors\Creator\3.8.3\resources\app.asar\builtin\scene\dist\script\3d\manager\asset\material.ccc:1:4114)
2025-1-8 17:33:18 - warn: [Scene] EffectAsset builtin-standard.effect c8f66d17-351a-48da-a12c-0212d28575c4 not foundError: [Scene] EffectAsset builtin-standard.effect c8f66d17-351a-48da-a12c-0212d28575c4 not found
    at MaterialAsset.queryAllEffects (D:\code_software\cocoscreator\editors\Creator\3.8.3\resources\app.asar\builtin\scene\dist\script\3d\manager\asset\material.ccc:1:4114)
2025-1-8 17:33:30 - warn: [Scene] EffectAsset builtin-standard.effect c8f66d17-351a-48da-a12c-0212d28575c4 not foundError: [Scene] EffectAsset builtin-standard.effect c8f66d17-351a-48da-a12c-0212d28575c4 not found
    at MaterialAsset.queryAllEffects (D:\code_software\cocoscreator\editors\Creator\3.8.3\resources\app.asar\builtin\scene\dist\script\3d\manager\asset\material.ccc:1:4114)
2025-1-8 17:34:07 - warn: [Scene] EffectAsset builtin-standard.effect c8f66d17-351a-48da-a12c-0212d28575c4 not foundError: [Scene] EffectAsset builtin-standard.effect c8f66d17-351a-48da-a12c-0212d28575c4 not found
    at MaterialAsset.queryAllEffects (D:\code_software\cocoscreator\editors\Creator\3.8.3\resources\app.asar\builtin\scene\dist\script\3d\manager\asset\material.ccc:1:4114)
2025-1-8 18:24:45 - warn: [Scene] EffectAsset builtin-standard.effect c8f66d17-351a-48da-a12c-0212d28575c4 not foundError: [Scene] EffectAsset builtin-standard.effect c8f66d17-351a-48da-a12c-0212d28575c4 not found
    at MaterialAsset.queryAllEffects (D:\code_software\cocoscreator\editors\Creator\3.8.3\resources\app.asar\builtin\scene\dist\script\3d\manager\asset\material.ccc:1:4114)
2025-1-8 18:24:58 - warn: [Scene] EffectAsset builtin-standard.effect c8f66d17-351a-48da-a12c-0212d28575c4 not foundError: [Scene] EffectAsset builtin-standard.effect c8f66d17-351a-48da-a12c-0212d28575c4 not found
    at MaterialAsset.queryAllEffects (D:\code_software\cocoscreator\editors\Creator\3.8.3\resources\app.asar\builtin\scene\dist\script\3d\manager\asset\material.ccc:1:4114)
2025-1-8 18:27:57 - warn: [Scene] EffectAsset builtin-standard.effect c8f66d17-351a-48da-a12c-0212d28575c4 not foundError: [Scene] EffectAsset builtin-standard.effect c8f66d17-351a-48da-a12c-0212d28575c4 not found
    at MaterialAsset.queryAllEffects (D:\code_software\cocoscreator\editors\Creator\3.8.3\resources\app.asar\builtin\scene\dist\script\3d\manager\asset\material.ccc:1:4114)
2025-1-8 18:30:47 - warn: [Scene] EffectAsset builtin-standard.effect c8f66d17-351a-48da-a12c-0212d28575c4 not foundError: [Scene] EffectAsset builtin-standard.effect c8f66d17-351a-48da-a12c-0212d28575c4 not found
    at MaterialAsset.queryAllEffects (D:\code_software\cocoscreator\editors\Creator\3.8.3\resources\app.asar\builtin\scene\dist\script\3d\manager\asset\material.ccc:1:4114)
2025-1-8 18:30:47 - warn: [Scene] EffectAsset builtin-standard.effect c8f66d17-351a-48da-a12c-0212d28575c4 not foundError: [Scene] EffectAsset builtin-standard.effect c8f66d17-351a-48da-a12c-0212d28575c4 not found
    at MaterialAsset.queryAllEffects (D:\code_software\cocoscreator\editors\Creator\3.8.3\resources\app.asar\builtin\scene\dist\script\3d\manager\asset\material.ccc:1:4114)
2025-1-8 18:46:42 - error: 构建进程奔溃！
2025-1-8 18:46:42 - error: {
  preventDefault: [Function: preventDefault],
  sender: EventEmitter {
    isDestroyed: [Function: isDestroyed],
    destroy: [Function: destroy],
    getBackgroundThrottling: [Function: getBackgroundThrottling],
    setBackgroundThrottling: [Function: setBackgroundThrottling],
    getProcessId: [Function: getProcessId],
    getOSProcessId: [Function: getOSProcessId],
    equal: [Function: equal],
    _loadURL: [Function: _loadURL],
    downloadURL: [Function: downloadURL],
    _getURL: [Function: _getURL],
    getTitle: [Function: getTitle],
    isLoading: [Function: isLoading],
    isLoadingMainFrame: [Function: isLoadingMainFrame],
    isWaitingForResponse: [Function: isWaitingForResponse],
    _stop: [Function: _stop],
    _goBack: [Function: _goBack],
    _goForward: [Function: _goForward],
    _goToOffset: [Function: _goToOffset],
    isCrashed: [Function: isCrashed],
    forcefullyCrashRenderer: [Function: forcefullyCrashRenderer],
    setUserAgent: [Function: setUserAgent],
    getUserAgent: [Function: getUserAgent],
    savePage: [Function: savePage],
    openDevTools: [Function: openDevTools],
    closeDevTools: [Function: closeDevTools],
    isDevToolsOpened: [Function: isDevToolsOpened],
    isDevToolsFocused: [Function: isDevToolsFocused],
    enableDeviceEmulation: [Function: enableDeviceEmulation],
    disableDeviceEmulation: [Function: disableDeviceEmulation],
    toggleDevTools: [Function: toggleDevTools],
    inspectElement: [Function: inspectElement],
    setIgnoreMenuShortcuts: [Function: setIgnoreMenuShortcuts],
    setAudioMuted: [Function: setAudioMuted],
    isAudioMuted: [Function: isAudioMuted],
    isCurrentlyAudible: [Function: isCurrentlyAudible],
    undo: [Function: undo],
    redo: [Function: redo],
    cut: [Function: cut],
    copy: [Function: copy],
    paste: [Function: paste],
    pasteAndMatchStyle: [Function: pasteAndMatchStyle],
    delete: [Function: delete],
    selectAll: [Function: selectAll],
    unselect: [Function: unselect],
    replace: [Function: replace],
    replaceMisspelling: [Function: replaceMisspelling],
    findInPage: [Function: findInPage],
    stopFindInPage: [Function: stopFindInPage],
    focus: [Function: focus],
    isFocused: [Function: isFocused],
    sendInputEvent: [Function: sendInputEvent],
    beginFrameSubscription: [Function: beginFrameSubscription],
    endFrameSubscription: [Function: endFrameSubscription],
    startDrag: [Function: startDrag],
    attachToIframe: [Function: attachToIframe],
    detachFromOuterFrame: [Function: detachFromOuterFrame],
    isOffscreen: [Function: isOffscreen],
    startPainting: [Function: startPainting],
    stopPainting: [Function: stopPainting],
    isPainting: [Function: isPainting],
    setFrameRate: [Function: setFrameRate],
    getFrameRate: [Function: getFrameRate],
    invalidate: [Function: invalidate],
    setZoomLevel: [Function: setZoomLevel],
    getZoomLevel: [Function: getZoomLevel],
    setZoomFactor: [Function: setZoomFactor],
    getZoomFactor: [Function: getZoomFactor],
    getType: [Function: getType],
    _getPreloadPaths: [Function: _getPreloadPaths],
    getWebPreferences: [Function: getWebPreferences],
    getLastWebPreferences: [Function: getLastWebPreferences],
    getOwnerBrowserWindow: [Function: getOwnerBrowserWindow],
    inspectServiceWorker: [Function: inspectServiceWorker],
    inspectSharedWorker: [Function: inspectSharedWorker],
    inspectSharedWorkerById: [Function: inspectSharedWorkerById],
    getAllSharedWorkers: [Function: getAllSharedWorkers],
    _print: [Function: _print],
    _printToPDF: [Function: _printToPDF],
    _setNextChildWebPreferences: [Function: _setNextChildWebPreferences],
    addWorkSpace: [Function: addWorkSpace],
    removeWorkSpace: [Function: removeWorkSpace],
    showDefinitionForSelection: [Function: showDefinitionForSelection],
    copyImageAt: [Function: copyImageAt],
    capturePage: [Function: capturePage],
    setEmbedder: [Function: setEmbedder],
    setDevToolsWebContents: [Function: setDevToolsWebContents],
    getNativeView: [Function: getNativeView],
    incrementCapturerCount: [Function: incrementCapturerCount],
    decrementCapturerCount: [Function: decrementCapturerCount],
    isBeingCaptured: [Function: isBeingCaptured],
    setWebRTCIPHandlingPolicy: [Function: setWebRTCIPHandlingPolicy],
    getWebRTCIPHandlingPolicy: [Function: getWebRTCIPHandlingPolicy],
    _grantOriginAccess: [Function: _grantOriginAccess],
    takeHeapSnapshot: [Function: takeHeapSnapshot],
    id: 5,
    session: [Getter],
    hostWebContents: [Getter],
    devToolsWebContents: [Getter],
    debugger: [Getter],
    _initiallyShown: [Getter],
    mainFrame: [Getter],
    _events: [Object: null prototype] {
      'navigation-entry-committed': [Function (anonymous)],
      '-ipc-message': [Function (anonymous)],
      '-ipc-invoke': [Function (anonymous)],
      '-ipc-message-sync': [Function (anonymous)],
      '-ipc-ports': [Function (anonymous)],
      crashed: [Array],
      'render-process-gone': [Array],
      'devtools-reload-page': [Function (anonymous)],
      '-new-window': [Function (anonymous)],
      '-will-add-new-contents': [Function (anonymous)],
      '-add-new-contents': [Function (anonymous)],
      login: [Function (anonymous)],
      'ready-to-show': [Function (anonymous)],
      'dom-ready': [Function (anonymous)],
      'did-start-loading': [Function (anonymous)],
      'render-view-deleted': [Function: listener]
    },
    _eventsCount: 16,
    loadURL: [Function: bound loadURL],
    getURL: [Function: bound getURL],
    stop: [Function: bound stop],
    reload: [Function: bound reload],
    reloadIgnoringCache: [Function: bound reloadIgnoringCache],
    canGoBack: [Function: bound canGoBack],
    canGoForward: [Function: bound canGoForward],
    canGoToIndex: [Function: bound canGoToIndex],
    canGoToOffset: [Function: bound canGoToOffset],
    clearHistory: [Function: bound clearHistory],
    goBack: [Function: bound goBack],
    goForward: [Function: bound goForward],
    goToIndex: [Function: bound goToIndex],
    goToOffset: [Function: bound goToOffset],
    getActiveIndex: [Function: bound getActiveIndex],
    length: [Function: bound length],
    _windowOpenHandler: null,
    _maxListeners: 0,
    browserWindowOptions: {
      width: 300,
      height: 300,
      show: false,
      autoHideMenuBar: true,
      webPreferences: [Object]
    }
  }
}
2025-1-8 18:46:42 - error: 构建进程奔溃！
2025-1-8 18:46:42 - error: {
  preventDefault: [Function: preventDefault],
  sender: EventEmitter {
    isDestroyed: [Function: isDestroyed],
    destroy: [Function: destroy],
    getBackgroundThrottling: [Function: getBackgroundThrottling],
    setBackgroundThrottling: [Function: setBackgroundThrottling],
    getProcessId: [Function: getProcessId],
    getOSProcessId: [Function: getOSProcessId],
    equal: [Function: equal],
    _loadURL: [Function: _loadURL],
    downloadURL: [Function: downloadURL],
    _getURL: [Function: _getURL],
    getTitle: [Function: getTitle],
    isLoading: [Function: isLoading],
    isLoadingMainFrame: [Function: isLoadingMainFrame],
    isWaitingForResponse: [Function: isWaitingForResponse],
    _stop: [Function: _stop],
    _goBack: [Function: _goBack],
    _goForward: [Function: _goForward],
    _goToOffset: [Function: _goToOffset],
    isCrashed: [Function: isCrashed],
    forcefullyCrashRenderer: [Function: forcefullyCrashRenderer],
    setUserAgent: [Function: setUserAgent],
    getUserAgent: [Function: getUserAgent],
    savePage: [Function: savePage],
    openDevTools: [Function: openDevTools],
    closeDevTools: [Function: closeDevTools],
    isDevToolsOpened: [Function: isDevToolsOpened],
    isDevToolsFocused: [Function: isDevToolsFocused],
    enableDeviceEmulation: [Function: enableDeviceEmulation],
    disableDeviceEmulation: [Function: disableDeviceEmulation],
    toggleDevTools: [Function: toggleDevTools],
    inspectElement: [Function: inspectElement],
    setIgnoreMenuShortcuts: [Function: setIgnoreMenuShortcuts],
    setAudioMuted: [Function: setAudioMuted],
    isAudioMuted: [Function: isAudioMuted],
    isCurrentlyAudible: [Function: isCurrentlyAudible],
    undo: [Function: undo],
    redo: [Function: redo],
    cut: [Function: cut],
    copy: [Function: copy],
    paste: [Function: paste],
    pasteAndMatchStyle: [Function: pasteAndMatchStyle],
    delete: [Function: delete],
    selectAll: [Function: selectAll],
    unselect: [Function: unselect],
    replace: [Function: replace],
    replaceMisspelling: [Function: replaceMisspelling],
    findInPage: [Function: findInPage],
    stopFindInPage: [Function: stopFindInPage],
    focus: [Function: focus],
    isFocused: [Function: isFocused],
    sendInputEvent: [Function: sendInputEvent],
    beginFrameSubscription: [Function: beginFrameSubscription],
    endFrameSubscription: [Function: endFrameSubscription],
    startDrag: [Function: startDrag],
    attachToIframe: [Function: attachToIframe],
    detachFromOuterFrame: [Function: detachFromOuterFrame],
    isOffscreen: [Function: isOffscreen],
    startPainting: [Function: startPainting],
    stopPainting: [Function: stopPainting],
    isPainting: [Function: isPainting],
    setFrameRate: [Function: setFrameRate],
    getFrameRate: [Function: getFrameRate],
    invalidate: [Function: invalidate],
    setZoomLevel: [Function: setZoomLevel],
    getZoomLevel: [Function: getZoomLevel],
    setZoomFactor: [Function: setZoomFactor],
    getZoomFactor: [Function: getZoomFactor],
    getType: [Function: getType],
    _getPreloadPaths: [Function: _getPreloadPaths],
    getWebPreferences: [Function: getWebPreferences],
    getLastWebPreferences: [Function: getLastWebPreferences],
    getOwnerBrowserWindow: [Function: getOwnerBrowserWindow],
    inspectServiceWorker: [Function: inspectServiceWorker],
    inspectSharedWorker: [Function: inspectSharedWorker],
    inspectSharedWorkerById: [Function: inspectSharedWorkerById],
    getAllSharedWorkers: [Function: getAllSharedWorkers],
    _print: [Function: _print],
    _printToPDF: [Function: _printToPDF],
    _setNextChildWebPreferences: [Function: _setNextChildWebPreferences],
    addWorkSpace: [Function: addWorkSpace],
    removeWorkSpace: [Function: removeWorkSpace],
    showDefinitionForSelection: [Function: showDefinitionForSelection],
    copyImageAt: [Function: copyImageAt],
    capturePage: [Function: capturePage],
    setEmbedder: [Function: setEmbedder],
    setDevToolsWebContents: [Function: setDevToolsWebContents],
    getNativeView: [Function: getNativeView],
    incrementCapturerCount: [Function: incrementCapturerCount],
    decrementCapturerCount: [Function: decrementCapturerCount],
    isBeingCaptured: [Function: isBeingCaptured],
    setWebRTCIPHandlingPolicy: [Function: setWebRTCIPHandlingPolicy],
    getWebRTCIPHandlingPolicy: [Function: getWebRTCIPHandlingPolicy],
    _grantOriginAccess: [Function: _grantOriginAccess],
    takeHeapSnapshot: [Function: takeHeapSnapshot],
    id: 5,
    session: [Getter],
    hostWebContents: [Getter],
    devToolsWebContents: [Getter],
    debugger: [Getter],
    _initiallyShown: [Getter],
    mainFrame: [Getter],
    _events: [Object: null prototype] {
      'navigation-entry-committed': [Function (anonymous)],
      '-ipc-message': [Function (anonymous)],
      '-ipc-invoke': [Function (anonymous)],
      '-ipc-message-sync': [Function (anonymous)],
      '-ipc-ports': [Function (anonymous)],
      crashed: [Array],
      'render-process-gone': [Array],
      'devtools-reload-page': [Function (anonymous)],
      '-new-window': [Function (anonymous)],
      '-will-add-new-contents': [Function (anonymous)],
      '-add-new-contents': [Function (anonymous)],
      login: [Function (anonymous)],
      'ready-to-show': [Function (anonymous)],
      'dom-ready': [Function (anonymous)],
      'did-start-loading': [Function (anonymous)],
      'render-view-deleted': [Function: listener]
    },
    _eventsCount: 16,
    loadURL: [Function: bound loadURL],
    getURL: [Function: bound getURL],
    stop: [Function: bound stop],
    reload: [Function: bound reload],
    reloadIgnoringCache: [Function: bound reloadIgnoringCache],
    canGoBack: [Function: bound canGoBack],
    canGoForward: [Function: bound canGoForward],
    canGoToIndex: [Function: bound canGoToIndex],
    canGoToOffset: [Function: bound canGoToOffset],
    clearHistory: [Function: bound clearHistory],
    goBack: [Function: bound goBack],
    goForward: [Function: bound goForward],
    goToIndex: [Function: bound goToIndex],
    goToOffset: [Function: bound goToOffset],
    getActiveIndex: [Function: bound getActiveIndex],
    length: [Function: bound length],
    _windowOpenHandler: null,
    _maxListeners: 0,
    browserWindowOptions: {
      width: 300,
      height: 300,
      show: false,
      autoHideMenuBar: true,
      webPreferences: [Object]
    }
  }
}
